Age,English level,Education Level,Computing Experience,Task,Selected Answer,Correct,Case Type,Time Taken (ms),Submission Timestamp
23,esl,undergraduate,advanced,monitor cpu usage,monitor-cpu-usage,true,kebab,26919,Tue Dec 03 2024 17:47:56 GMT+0000 (Coordinated Universal Time)
23,esl,undergraduate,advanced,install software package,installSoftwarePackage,true,camel,20836,Tue Dec 03 2024 17:47:56 GMT+0000 (Coordinated Universal Time)
23,esl,undergraduate,advanced,manage firewall rules,manageFirewallRules,true,camel,16048,Tue Dec 03 2024 17:47:56 GMT+0000 (Coordinated Universal Time)
23,esl,undergraduate,advanced,backup database files,backupDatabaseFiles,true,camel,9786,Tue Dec 03 2024 17:47:56 GMT+0000 (Coordinated Universal Time)
23,esl,undergraduate,advanced,configure network interface,configureNetworkInterface,true,camel,9116,Tue Dec 03 2024 17:47:56 GMT+0000 (Coordinated Universal Time)
23,esl,undergraduate,advanced,enable network settings,enableNetworkSettings,true,camel,5431,Tue Dec 03 2024 17:47:56 GMT+0000 (Coordinated Universal Time)
23,esl,undergraduate,advanced,install software package,install-software-package,true,kebab,8669,Tue Dec 03 2024 17:47:56 GMT+0000 (Coordinated Universal Time)
23,esl,undergraduate,advanced,upload data to server,upload-data-to-server,true,kebab,10966,Tue Dec 03 2024 17:47:56 GMT+0000 (Coordinated Universal Time)
23,esl,undergraduate,advanced,synchronize time servers,synchronize-time-servers,true,kebab,5266,Tue Dec 03 2024 17:47:56 GMT+0000 (Coordinated Universal Time)
23,esl,undergraduate,advanced,compress large files,compressLargeFiles,true,camel,5116,Tue Dec 03 2024 17:47:56 GMT+0000 (Coordinated Universal Time)
23,esl,undergraduate,advanced,enable network settings,enable-network-settings,true,kebab,4019,Tue Dec 03 2024 17:47:56 GMT+0000 (Coordinated Universal Time)
23,esl,undergraduate,advanced,run diagnostic tests,run-diagnostic-tests,true,kebab,8750,Tue Dec 03 2024 17:47:56 GMT+0000 (Coordinated Universal Time)
23,esl,undergraduate,advanced,generate error logs,generate-error-logs,true,kebab,5165,Tue Dec 03 2024 17:47:56 GMT+0000 (Coordinated Universal Time)
23,esl,undergraduate,advanced,reset password policies,resetPasswordPolicies,true,camel,8986,Tue Dec 03 2024 17:47:56 GMT+0000 (Coordinated Universal Time)
23,esl,undergraduate,advanced,backup database files,backup-database-files,true,kebab,10850,Tue Dec 03 2024 17:47:56 GMT+0000 (Coordinated Universal Time)
23,esl,undergraduate,advanced,check system updates,checkSystemUpdates,true,camel,3730,Tue Dec 03 2024 17:47:56 GMT+0000 (Coordinated Universal Time)
23,esl,undergraduate,advanced,analyze disk space,analyze-disk-space,true,kebab,3482,Tue Dec 03 2024 17:47:56 GMT+0000 (Coordinated Universal Time)
23,esl,undergraduate,advanced,reset password policies,reset-password-policies,true,kebab,4018,Tue Dec 03 2024 17:47:56 GMT+0000 (Coordinated Universal Time)
23,esl,undergraduate,advanced,create user account,create-user-account,true,kebab,4298,Tue Dec 03 2024 17:47:56 GMT+0000 (Coordinated Universal Time)
23,esl,undergraduate,advanced,configure network interface,configure-network-interface,true,kebab,11134,Tue Dec 03 2024 17:47:56 GMT+0000 (Coordinated Universal Time)
23,esl,undergraduate,advanced,synchronize time servers,synchronizeTimeServers,true,camel,6385,Tue Dec 03 2024 17:47:56 GMT+0000 (Coordinated Universal Time)
23,esl,undergraduate,advanced,run diagnostic tests,ranDialogisticTests,false,camel,6814,Tue Dec 03 2024 17:47:56 GMT+0000 (Coordinated Universal Time)
23,esl,undergraduate,advanced,analyze disk space,analyzeDiskSpace,true,camel,7854,Tue Dec 03 2024 17:47:56 GMT+0000 (Coordinated Universal Time)
23,esl,undergraduate,advanced,generate error logs,generateErrorLogs,true,camel,3730,Tue Dec 03 2024 17:47:56 GMT+0000 (Coordinated Universal Time)
23,esl,undergraduate,advanced,monitor cpu usage,monitorCpuUsage,true,camel,4252,Tue Dec 03 2024 17:47:56 GMT+0000 (Coordinated Universal Time)
23,esl,undergraduate,advanced,upload data to server,uploadDataToServer,true,camel,3900,Tue Dec 03 2024 17:47:56 GMT+0000 (Coordinated Universal Time)
23,esl,undergraduate,advanced,check system updates,check-system-updates,true,kebab,3932,Tue Dec 03 2024 17:47:56 GMT+0000 (Coordinated Universal Time)
23,esl,undergraduate,advanced,compress large files,combine-large-files,false,kebab,2780,Tue Dec 03 2024 17:47:56 GMT+0000 (Coordinated Universal Time)
23,esl,undergraduate,advanced,manage firewall rules,manage-firewall-rules,true,kebab,9170,Tue Dec 03 2024 17:47:56 GMT+0000 (Coordinated Universal Time)
23,esl,undergraduate,advanced,create user account,createUserAccount,true,camel,5532,Tue Dec 03 2024 17:47:56 GMT+0000 (Coordinated Universal Time)
24,efl,undergraduate,advanced,monitor cpu usage,monitor-cpu-usage,true,kebab,6939,Tue Dec 03 2024 17:50:04 GMT+0000 (Coordinated Universal Time)
24,efl,undergraduate,advanced,install software package,installSoftwarePackage,true,camel,7568,Tue Dec 03 2024 17:50:04 GMT+0000 (Coordinated Universal Time)
24,efl,undergraduate,advanced,manage firewall rules,manageFirewallRules,true,camel,9040,Tue Dec 03 2024 17:50:04 GMT+0000 (Coordinated Universal Time)
24,efl,undergraduate,advanced,backup database files,backupDatabaseFiles,true,camel,7166,Tue Dec 03 2024 17:50:04 GMT+0000 (Coordinated Universal Time)
24,efl,undergraduate,advanced,configure network interface,configureNetworkInterface,true,camel,6435,Tue Dec 03 2024 17:50:04 GMT+0000 (Coordinated Universal Time)
24,efl,undergraduate,advanced,enable network settings,enableNetworkSettings,true,camel,6463,Tue Dec 03 2024 17:50:04 GMT+0000 (Coordinated Universal Time)
24,efl,undergraduate,advanced,install software package,install-software-package,true,kebab,4719,Tue Dec 03 2024 17:50:04 GMT+0000 (Coordinated Universal Time)
24,efl,undergraduate,advanced,upload data to server,upload-data-to-server,true,kebab,5616,Tue Dec 03 2024 17:50:04 GMT+0000 (Coordinated Universal Time)
24,efl,undergraduate,advanced,synchronize time servers,synchronize-time-servers,true,kebab,6271,Tue Dec 03 2024 17:50:04 GMT+0000 (Coordinated Universal Time)
24,efl,undergraduate,advanced,compress large files,compressLargeFiles,true,camel,3964,Tue Dec 03 2024 17:50:04 GMT+0000 (Coordinated Universal Time)
24,efl,undergraduate,advanced,enable network settings,enable-network-settings,true,kebab,5299,Tue Dec 03 2024 17:50:04 GMT+0000 (Coordinated Universal Time)
24,efl,undergraduate,advanced,run diagnostic tests,run-diagnostic-tests,true,kebab,4981,Tue Dec 03 2024 17:50:04 GMT+0000 (Coordinated Universal Time)
24,efl,undergraduate,advanced,generate error logs,generate-error-logs,true,kebab,3705,Tue Dec 03 2024 17:50:04 GMT+0000 (Coordinated Universal Time)
24,efl,undergraduate,advanced,reset password policies,resetPasswordPolicies,true,camel,4346,Tue Dec 03 2024 17:50:04 GMT+0000 (Coordinated Universal Time)
24,efl,undergraduate,advanced,backup database files,backup-database-files,true,kebab,11350,Tue Dec 03 2024 17:50:04 GMT+0000 (Coordinated Universal Time)
24,efl,undergraduate,advanced,check system updates,checkSystemUpdates,true,camel,6490,Tue Dec 03 2024 17:50:04 GMT+0000 (Coordinated Universal Time)
24,efl,undergraduate,advanced,analyze disk space,analyze-disk-space,true,kebab,5858,Tue Dec 03 2024 17:50:04 GMT+0000 (Coordinated Universal Time)
24,efl,undergraduate,advanced,reset password policies,reset-password-policies,true,kebab,12340,Tue Dec 03 2024 17:50:04 GMT+0000 (Coordinated Universal Time)
24,efl,undergraduate,advanced,create user account,create-user-account,true,kebab,7088,Tue Dec 03 2024 17:50:04 GMT+0000 (Coordinated Universal Time)
24,efl,undergraduate,advanced,configure network interface,configure-network-interface,true,kebab,5276,Tue Dec 03 2024 17:50:04 GMT+0000 (Coordinated Universal Time)
24,efl,undergraduate,advanced,synchronize time servers,synchronizeTimeServers,true,camel,6298,Tue Dec 03 2024 17:50:04 GMT+0000 (Coordinated Universal Time)
24,efl,undergraduate,advanced,run diagnostic tests,runDiagnosticTests,true,camel,8352,Tue Dec 03 2024 17:50:04 GMT+0000 (Coordinated Universal Time)
24,efl,undergraduate,advanced,analyze disk space,analyzeDiskSpace,true,camel,4131,Tue Dec 03 2024 17:50:04 GMT+0000 (Coordinated Universal Time)
24,efl,undergraduate,advanced,generate error logs,generateErrorLogs,true,camel,4018,Tue Dec 03 2024 17:50:04 GMT+0000 (Coordinated Universal Time)
24,efl,undergraduate,advanced,monitor cpu usage,monitorCpuUsage,true,camel,5098,Tue Dec 03 2024 17:50:04 GMT+0000 (Coordinated Universal Time)
24,efl,undergraduate,advanced,upload data to server,uploadDataToServer,true,camel,6621,Tue Dec 03 2024 17:50:04 GMT+0000 (Coordinated Universal Time)
24,efl,undergraduate,advanced,check system updates,check-system-updates,true,kebab,4498,Tue Dec 03 2024 17:50:04 GMT+0000 (Coordinated Universal Time)
24,efl,undergraduate,advanced,compress large files,compress-large-files,true,kebab,5047,Tue Dec 03 2024 17:50:04 GMT+0000 (Coordinated Universal Time)
24,efl,undergraduate,advanced,manage firewall rules,manage-firewall-rules,true,kebab,5275,Tue Dec 03 2024 17:50:04 GMT+0000 (Coordinated Universal Time)
24,efl,undergraduate,advanced,create user account,createUserAccount,true,camel,7229,Tue Dec 03 2024 17:50:04 GMT+0000 (Coordinated Universal Time)
17,esl,hs,advanced,monitor cpu usage,monitor-cpu-usage,true,kebab,8220,Tue Dec 03 2024 17:51:56 GMT+0000 (Coordinated Universal Time)
17,esl,hs,advanced,install software package,installSoftwarePackage,true,camel,5461,Tue Dec 03 2024 17:51:56 GMT+0000 (Coordinated Universal Time)
17,esl,hs,advanced,manage firewall rules,manageFirewallRules,true,camel,6117,Tue Dec 03 2024 17:51:56 GMT+0000 (Coordinated Universal Time)
17,esl,hs,advanced,backup database files,backupDatabaseFlies,false,camel,4380,Tue Dec 03 2024 17:51:56 GMT+0000 (Coordinated Universal Time)
17,esl,hs,advanced,configure network interface,configureNetworkInterface,true,camel,7851,Tue Dec 03 2024 17:51:56 GMT+0000 (Coordinated Universal Time)
17,esl,hs,advanced,enable network settings,enableNetworkSettings,true,camel,4370,Tue Dec 03 2024 17:51:56 GMT+0000 (Coordinated Universal Time)
17,esl,hs,advanced,install software package,install-software-package,true,kebab,5001,Tue Dec 03 2024 17:51:56 GMT+0000 (Coordinated Universal Time)
17,esl,hs,advanced,upload data to server,upload-data-to-server,true,kebab,5485,Tue Dec 03 2024 17:51:56 GMT+0000 (Coordinated Universal Time)
17,esl,hs,advanced,synchronize time servers,synchronize-time-servers,true,kebab,3488,Tue Dec 03 2024 17:51:56 GMT+0000 (Coordinated Universal Time)
17,esl,hs,advanced,compress large files,compressLargeFiles,true,camel,4168,Tue Dec 03 2024 17:51:56 GMT+0000 (Coordinated Universal Time)
17,esl,hs,advanced,enable network settings,enable-network-settings,true,kebab,6332,Tue Dec 03 2024 17:51:56 GMT+0000 (Coordinated Universal Time)
17,esl,hs,advanced,run diagnostic tests,run-diagnostic-tests,true,kebab,6301,Tue Dec 03 2024 17:51:56 GMT+0000 (Coordinated Universal Time)
17,esl,hs,advanced,generate error logs,generate-error-logs,true,kebab,4555,Tue Dec 03 2024 17:51:56 GMT+0000 (Coordinated Universal Time)
17,esl,hs,advanced,reset password policies,resetPasswordPolicies,true,camel,6418,Tue Dec 03 2024 17:51:56 GMT+0000 (Coordinated Universal Time)
17,esl,hs,advanced,backup database files,backup-database-files,true,kebab,5239,Tue Dec 03 2024 17:51:56 GMT+0000 (Coordinated Universal Time)
17,esl,hs,advanced,check system updates,checkSystemUpdates,true,camel,8945,Tue Dec 03 2024 17:51:56 GMT+0000 (Coordinated Universal Time)
17,esl,hs,advanced,analyze disk space,analyze-disk-space,true,kebab,3966,Tue Dec 03 2024 17:51:56 GMT+0000 (Coordinated Universal Time)
17,esl,hs,advanced,reset password policies,reset-password-policies,true,kebab,5512,Tue Dec 03 2024 17:51:56 GMT+0000 (Coordinated Universal Time)
17,esl,hs,advanced,create user account,create-user-account,true,kebab,3025,Tue Dec 03 2024 17:51:56 GMT+0000 (Coordinated Universal Time)
17,esl,hs,advanced,configure network interface,configure-network-interface,true,kebab,4116,Tue Dec 03 2024 17:51:56 GMT+0000 (Coordinated Universal Time)
17,esl,hs,advanced,synchronize time servers,synchronizeTimeServers,true,camel,3818,Tue Dec 03 2024 17:51:56 GMT+0000 (Coordinated Universal Time)
17,esl,hs,advanced,run diagnostic tests,runDiagnosticTexts,false,camel,3900,Tue Dec 03 2024 17:51:56 GMT+0000 (Coordinated Universal Time)
17,esl,hs,advanced,analyze disk space,analyzeDiskSpace,true,camel,8201,Tue Dec 03 2024 17:51:56 GMT+0000 (Coordinated Universal Time)
17,esl,hs,advanced,generate error logs,generateErrorLogs,true,camel,4494,Tue Dec 03 2024 17:51:56 GMT+0000 (Coordinated Universal Time)
17,esl,hs,advanced,monitor cpu usage,monitorGpuUsage,false,camel,3051,Tue Dec 03 2024 17:51:56 GMT+0000 (Coordinated Universal Time)
17,esl,hs,advanced,upload data to server,uploadDataToServer,true,camel,11472,Tue Dec 03 2024 17:51:56 GMT+0000 (Coordinated Universal Time)
17,esl,hs,advanced,check system updates,check-system-updates,true,kebab,5125,Tue Dec 03 2024 17:51:56 GMT+0000 (Coordinated Universal Time)
17,esl,hs,advanced,compress large files,compress-large-files,true,kebab,6903,Tue Dec 03 2024 17:51:56 GMT+0000 (Coordinated Universal Time)
17,esl,hs,advanced,manage firewall rules,manage-firewall-rules,true,kebab,3975,Tue Dec 03 2024 17:51:56 GMT+0000 (Coordinated Universal Time)
17,esl,hs,advanced,create user account,createUserAccount,true,camel,4318,Tue Dec 03 2024 17:51:56 GMT+0000 (Coordinated Universal Time)
22,efl,undergraduate,advanced,monitor cpu usage,monitor-cpu-usage,true,kebab,22758,Tue Dec 03 2024 17:53:49 GMT+0000 (Coordinated Universal Time)
22,efl,undergraduate,advanced,install software package,installSoftwarePackage,true,camel,4940,Tue Dec 03 2024 17:53:49 GMT+0000 (Coordinated Universal Time)
22,efl,undergraduate,advanced,manage firewall rules,manageFirewallRules,true,camel,6776,Tue Dec 03 2024 17:53:49 GMT+0000 (Coordinated Universal Time)
22,efl,undergraduate,advanced,backup database files,backupDatabaseFiles,true,camel,6418,Tue Dec 03 2024 17:53:49 GMT+0000 (Coordinated Universal Time)
22,efl,undergraduate,advanced,configure network interface,configureNetworkInterface,true,camel,8885,Tue Dec 03 2024 17:53:49 GMT+0000 (Coordinated Universal Time)
22,efl,undergraduate,advanced,enable network settings,enableNetworkSettings,true,camel,6255,Tue Dec 03 2024 17:53:49 GMT+0000 (Coordinated Universal Time)
22,efl,undergraduate,advanced,install software package,install-software-package,true,kebab,4632,Tue Dec 03 2024 17:53:49 GMT+0000 (Coordinated Universal Time)
22,efl,undergraduate,advanced,upload data to server,upload-data-to-server,true,kebab,6841,Tue Dec 03 2024 17:53:49 GMT+0000 (Coordinated Universal Time)
22,efl,undergraduate,advanced,synchronize time servers,synchronize-time-saves,false,kebab,5410,Tue Dec 03 2024 17:53:49 GMT+0000 (Coordinated Universal Time)
22,efl,undergraduate,advanced,compress large files,compressLargeFiles,true,camel,6591,Tue Dec 03 2024 17:53:49 GMT+0000 (Coordinated Universal Time)
22,efl,undergraduate,advanced,enable network settings,enable-network-settings,true,kebab,5093,Tue Dec 03 2024 17:53:49 GMT+0000 (Coordinated Universal Time)
22,efl,undergraduate,advanced,run diagnostic tests,run-diagnostic-tests,true,kebab,6764,Tue Dec 03 2024 17:53:49 GMT+0000 (Coordinated Universal Time)
22,efl,undergraduate,advanced,generate error logs,generate-error-logs,true,kebab,3034,Tue Dec 03 2024 17:53:49 GMT+0000 (Coordinated Universal Time)
22,efl,undergraduate,advanced,reset password policies,resetPasswordPolicies,true,camel,4362,Tue Dec 03 2024 17:53:49 GMT+0000 (Coordinated Universal Time)
22,efl,undergraduate,advanced,backup database files,backup-database-files,true,kebab,4456,Tue Dec 03 2024 17:53:49 GMT+0000 (Coordinated Universal Time)
22,efl,undergraduate,advanced,check system updates,checkSystemUpdates,true,camel,3475,Tue Dec 03 2024 17:53:49 GMT+0000 (Coordinated Universal Time)
22,efl,undergraduate,advanced,analyze disk space,analyze-disk-space,true,kebab,2506,Tue Dec 03 2024 17:53:49 GMT+0000 (Coordinated Universal Time)
22,efl,undergraduate,advanced,reset password policies,reset-password-policy,false,kebab,1936,Tue Dec 03 2024 17:53:49 GMT+0000 (Coordinated Universal Time)
22,efl,undergraduate,advanced,create user account,create-user-account,true,kebab,4487,Tue Dec 03 2024 17:53:49 GMT+0000 (Coordinated Universal Time)
22,efl,undergraduate,advanced,configure network interface,configure-network-interface,true,kebab,5341,Tue Dec 03 2024 17:53:49 GMT+0000 (Coordinated Universal Time)
22,efl,undergraduate,advanced,synchronize time servers,synchronizeTimeServers,true,camel,7846,Tue Dec 03 2024 17:53:49 GMT+0000 (Coordinated Universal Time)
22,efl,undergraduate,advanced,run diagnostic tests,runDiagnosticTests,true,camel,4130,Tue Dec 03 2024 17:53:49 GMT+0000 (Coordinated Universal Time)
22,efl,undergraduate,advanced,analyze disk space,analyzeDiskSpace,true,camel,2644,Tue Dec 03 2024 17:53:49 GMT+0000 (Coordinated Universal Time)
22,efl,undergraduate,advanced,generate error logs,generateErrorLogs,true,camel,2297,Tue Dec 03 2024 17:53:49 GMT+0000 (Coordinated Universal Time)
22,efl,undergraduate,advanced,monitor cpu usage,monitorCpuUsage,true,camel,3274,Tue Dec 03 2024 17:53:49 GMT+0000 (Coordinated Universal Time)
22,efl,undergraduate,advanced,upload data to server,uploadDataToServer,true,camel,6125,Tue Dec 03 2024 17:53:49 GMT+0000 (Coordinated Universal Time)
22,efl,undergraduate,advanced,check system updates,check-system-updates,true,kebab,3857,Tue Dec 03 2024 17:53:49 GMT+0000 (Coordinated Universal Time)
22,efl,undergraduate,advanced,compress large files,compress-large-files,true,kebab,4572,Tue Dec 03 2024 17:53:49 GMT+0000 (Coordinated Universal Time)
22,efl,undergraduate,advanced,manage firewall rules,manage-firewall-rules,true,kebab,4881,Tue Dec 03 2024 17:53:49 GMT+0000 (Coordinated Universal Time)
22,efl,undergraduate,advanced,create user account,createUserAccount,true,camel,3684,Tue Dec 03 2024 17:53:49 GMT+0000 (Coordinated Universal Time)
17,efl,undergraduate,advanced,monitor cpu usage,monitor-cpu-usage,true,kebab,11810,Tue Dec 03 2024 17:54:32 GMT+0000 (Coordinated Universal Time)
17,efl,undergraduate,advanced,install software package,installSoftwarePackage,true,camel,5884,Tue Dec 03 2024 17:54:32 GMT+0000 (Coordinated Universal Time)
17,efl,undergraduate,advanced,manage firewall rules,manageFirewallRules,true,camel,9767,Tue Dec 03 2024 17:54:32 GMT+0000 (Coordinated Universal Time)
17,efl,undergraduate,advanced,backup database files,backupDatabaseFlies,false,camel,7087,Tue Dec 03 2024 17:54:32 GMT+0000 (Coordinated Universal Time)
17,efl,undergraduate,advanced,configure network interface,configureNetworkInterface,true,camel,7729,Tue Dec 03 2024 17:54:32 GMT+0000 (Coordinated Universal Time)
17,efl,undergraduate,advanced,enable network settings,enableNetworkSettings,true,camel,5383,Tue Dec 03 2024 17:54:32 GMT+0000 (Coordinated Universal Time)
17,efl,undergraduate,advanced,install software package,install-software-package,true,kebab,5279,Tue Dec 03 2024 17:54:32 GMT+0000 (Coordinated Universal Time)
17,efl,undergraduate,advanced,upload data to server,upload-data-to-server,true,kebab,5673,Tue Dec 03 2024 17:54:32 GMT+0000 (Coordinated Universal Time)
17,efl,undergraduate,advanced,synchronize time servers,synchronize-time-servers,true,kebab,6915,Tue Dec 03 2024 17:54:32 GMT+0000 (Coordinated Universal Time)
17,efl,undergraduate,advanced,compress large files,combineLargeFiles,false,camel,3803,Tue Dec 03 2024 17:54:32 GMT+0000 (Coordinated Universal Time)
17,efl,undergraduate,advanced,enable network settings,enable-network-settings,true,kebab,4530,Tue Dec 03 2024 17:54:32 GMT+0000 (Coordinated Universal Time)
17,efl,undergraduate,advanced,run diagnostic tests,run-diagnostic-tests,true,kebab,9853,Tue Dec 03 2024 17:54:32 GMT+0000 (Coordinated Universal Time)
17,efl,undergraduate,advanced,generate error logs,generate-error-logs,true,kebab,5319,Tue Dec 03 2024 17:54:32 GMT+0000 (Coordinated Universal Time)
17,efl,undergraduate,advanced,reset password policies,resetPasswordPolicies,true,camel,5549,Tue Dec 03 2024 17:54:32 GMT+0000 (Coordinated Universal Time)
17,efl,undergraduate,advanced,backup database files,backup-database-files,true,kebab,3270,Tue Dec 03 2024 17:54:32 GMT+0000 (Coordinated Universal Time)
17,efl,undergraduate,advanced,check system updates,checkSystemUpdates,true,camel,3149,Tue Dec 03 2024 17:54:32 GMT+0000 (Coordinated Universal Time)
17,efl,undergraduate,advanced,analyze disk space,analyze-disk-space,true,kebab,2963,Tue Dec 03 2024 17:54:32 GMT+0000 (Coordinated Universal Time)
17,efl,undergraduate,advanced,reset password policies,reset-password-policies,true,kebab,4190,Tue Dec 03 2024 17:54:32 GMT+0000 (Coordinated Universal Time)
17,efl,undergraduate,advanced,create user account,create-user-account,true,kebab,4257,Tue Dec 03 2024 17:54:32 GMT+0000 (Coordinated Universal Time)
17,efl,undergraduate,advanced,configure network interface,configure-network-interface,true,kebab,7177,Tue Dec 03 2024 17:54:32 GMT+0000 (Coordinated Universal Time)
17,efl,undergraduate,advanced,synchronize time servers,synchronizeTimeServers,true,camel,4321,Tue Dec 03 2024 17:54:32 GMT+0000 (Coordinated Universal Time)
17,efl,undergraduate,advanced,run diagnostic tests,runDiagnosticTests,true,camel,6629,Tue Dec 03 2024 17:54:32 GMT+0000 (Coordinated Universal Time)
17,efl,undergraduate,advanced,analyze disk space,analyzeDiskSpace,true,camel,5562,Tue Dec 03 2024 17:54:32 GMT+0000 (Coordinated Universal Time)
17,efl,undergraduate,advanced,generate error logs,generateErrorLogs,true,camel,2643,Tue Dec 03 2024 17:54:32 GMT+0000 (Coordinated Universal Time)
17,efl,undergraduate,advanced,monitor cpu usage,monitorCpuUsage,true,camel,3624,Tue Dec 03 2024 17:54:32 GMT+0000 (Coordinated Universal Time)
17,efl,undergraduate,advanced,upload data to server,uploadDataToServer,true,camel,4240,Tue Dec 03 2024 17:54:32 GMT+0000 (Coordinated Universal Time)
17,efl,undergraduate,advanced,check system updates,check-system-updates,true,kebab,3507,Tue Dec 03 2024 17:54:32 GMT+0000 (Coordinated Universal Time)
17,efl,undergraduate,advanced,compress large files,compress-large-files,true,kebab,4338,Tue Dec 03 2024 17:54:32 GMT+0000 (Coordinated Universal Time)
17,efl,undergraduate,advanced,manage firewall rules,manage-firewall-rules,true,kebab,2117,Tue Dec 03 2024 17:54:32 GMT+0000 (Coordinated Universal Time)
17,efl,undergraduate,advanced,create user account,createUserAccount,true,camel,3319,Tue Dec 03 2024 17:54:32 GMT+0000 (Coordinated Universal Time)
23,esl,postgraduate,moderate,monitor cpu usage,monitor-cpu-usage,true,kebab,6799,Tue Dec 03 2024 17:57:24 GMT+0000 (Coordinated Universal Time)
23,esl,postgraduate,moderate,install software package,installSoftwarePackage,true,camel,3810,Tue Dec 03 2024 17:57:24 GMT+0000 (Coordinated Universal Time)
23,esl,postgraduate,moderate,manage firewall rules,managerFirewallRude,false,camel,3944,Tue Dec 03 2024 17:57:24 GMT+0000 (Coordinated Universal Time)
23,esl,postgraduate,moderate,backup database files,backupDatabaseFiles,true,camel,4360,Tue Dec 03 2024 17:57:24 GMT+0000 (Coordinated Universal Time)
23,esl,postgraduate,moderate,configure network interface,configureNetworkInterface,true,camel,4508,Tue Dec 03 2024 17:57:24 GMT+0000 (Coordinated Universal Time)
23,esl,postgraduate,moderate,enable network settings,enableNetworkSettings,true,camel,2565,Tue Dec 03 2024 17:57:24 GMT+0000 (Coordinated Universal Time)
23,esl,postgraduate,moderate,install software package,install-software-package,true,kebab,3093,Tue Dec 03 2024 17:57:24 GMT+0000 (Coordinated Universal Time)
23,esl,postgraduate,moderate,upload data to server,upload-data-to-server,true,kebab,4569,Tue Dec 03 2024 17:57:24 GMT+0000 (Coordinated Universal Time)
23,esl,postgraduate,moderate,synchronize time servers,synchronize-time-servers,true,kebab,3439,Tue Dec 03 2024 17:57:24 GMT+0000 (Coordinated Universal Time)
23,esl,postgraduate,moderate,compress large files,compressLargeFiles,true,camel,4541,Tue Dec 03 2024 17:57:24 GMT+0000 (Coordinated Universal Time)
23,esl,postgraduate,moderate,enable network settings,enable-network-settings,true,kebab,3607,Tue Dec 03 2024 17:57:24 GMT+0000 (Coordinated Universal Time)
23,esl,postgraduate,moderate,run diagnostic tests,run-diagnostic-tests,true,kebab,4811,Tue Dec 03 2024 17:57:24 GMT+0000 (Coordinated Universal Time)
23,esl,postgraduate,moderate,generate error logs,generate-error-logs,true,kebab,5201,Tue Dec 03 2024 17:57:24 GMT+0000 (Coordinated Universal Time)
23,esl,postgraduate,moderate,reset password policies,resetPasswordPolicies,true,camel,4931,Tue Dec 03 2024 17:57:24 GMT+0000 (Coordinated Universal Time)
23,esl,postgraduate,moderate,backup database files,backup-database-files,true,kebab,4178,Tue Dec 03 2024 17:57:24 GMT+0000 (Coordinated Universal Time)
23,esl,postgraduate,moderate,check system updates,checkSystemUpdates,true,camel,2687,Tue Dec 03 2024 17:57:24 GMT+0000 (Coordinated Universal Time)
23,esl,postgraduate,moderate,analyze disk space,analyze-disk-space,true,kebab,1706,Tue Dec 03 2024 17:57:24 GMT+0000 (Coordinated Universal Time)
23,esl,postgraduate,moderate,reset password policies,reset-password-policies,true,kebab,2894,Tue Dec 03 2024 17:57:24 GMT+0000 (Coordinated Universal Time)
23,esl,postgraduate,moderate,create user account,create-user-account,true,kebab,4030,Tue Dec 03 2024 17:57:24 GMT+0000 (Coordinated Universal Time)
23,esl,postgraduate,moderate,configure network interface,configure-network-interface,true,kebab,1847,Tue Dec 03 2024 17:57:24 GMT+0000 (Coordinated Universal Time)
23,esl,postgraduate,moderate,synchronize time servers,synchronizeTimeServers,true,camel,4539,Tue Dec 03 2024 17:57:24 GMT+0000 (Coordinated Universal Time)
23,esl,postgraduate,moderate,run diagnostic tests,runDiagnosticTexts,false,camel,3778,Tue Dec 03 2024 17:57:24 GMT+0000 (Coordinated Universal Time)
23,esl,postgraduate,moderate,analyze disk space,analyzeDiskSpace,true,camel,3612,Tue Dec 03 2024 17:57:24 GMT+0000 (Coordinated Universal Time)
23,esl,postgraduate,moderate,generate error logs,generateErrorLogs,true,camel,2134,Tue Dec 03 2024 17:57:24 GMT+0000 (Coordinated Universal Time)
23,esl,postgraduate,moderate,monitor cpu usage,monitorCpuUsage,true,camel,3923,Tue Dec 03 2024 17:57:24 GMT+0000 (Coordinated Universal Time)
23,esl,postgraduate,moderate,upload data to server,uploadDataToServer,true,camel,8024,Tue Dec 03 2024 17:57:24 GMT+0000 (Coordinated Universal Time)
23,esl,postgraduate,moderate,check system updates,check-system-updates,true,kebab,3648,Tue Dec 03 2024 17:57:24 GMT+0000 (Coordinated Universal Time)
23,esl,postgraduate,moderate,compress large files,compress-large-files,true,kebab,5191,Tue Dec 03 2024 17:57:24 GMT+0000 (Coordinated Universal Time)
23,esl,postgraduate,moderate,manage firewall rules,manage-firewall-rules,true,kebab,3768,Tue Dec 03 2024 17:57:24 GMT+0000 (Coordinated Universal Time)
23,esl,postgraduate,moderate,create user account,createUserAccount,true,camel,4202,Tue Dec 03 2024 17:57:24 GMT+0000 (Coordinated Universal Time)
23,efl,undergraduate,moderate,monitor cpu usage,monitor-cpu-usage,true,kebab,43185,Tue Dec 03 2024 17:58:41 GMT+0000 (Coordinated Universal Time)
23,efl,undergraduate,moderate,install software package,installSoftwarePackage,true,camel,14331,Tue Dec 03 2024 17:58:41 GMT+0000 (Coordinated Universal Time)
23,efl,undergraduate,moderate,manage firewall rules,manageFirewallRules,true,camel,7104,Tue Dec 03 2024 17:58:41 GMT+0000 (Coordinated Universal Time)
23,efl,undergraduate,moderate,backup database files,backupDatabaseFiles,true,camel,25540,Tue Dec 03 2024 17:58:41 GMT+0000 (Coordinated Universal Time)
23,efl,undergraduate,moderate,configure network interface,configureNetworkInterface,true,camel,13248,Tue Dec 03 2024 17:58:41 GMT+0000 (Coordinated Universal Time)
23,efl,undergraduate,moderate,enable network settings,enableNetworkSettings,true,camel,6644,Tue Dec 03 2024 17:58:41 GMT+0000 (Coordinated Universal Time)
23,efl,undergraduate,moderate,install software package,install-software-package,true,kebab,8968,Tue Dec 03 2024 17:58:41 GMT+0000 (Coordinated Universal Time)
23,efl,undergraduate,moderate,upload data to server,upload-data-to-server,true,kebab,8661,Tue Dec 03 2024 17:58:41 GMT+0000 (Coordinated Universal Time)
23,efl,undergraduate,moderate,synchronize time servers,synchronize-time-servers,true,kebab,11030,Tue Dec 03 2024 17:58:41 GMT+0000 (Coordinated Universal Time)
23,efl,undergraduate,moderate,compress large files,compressLargeFiles,true,camel,7358,Tue Dec 03 2024 17:58:41 GMT+0000 (Coordinated Universal Time)
23,efl,undergraduate,moderate,enable network settings,enable-network-settings,true,kebab,7268,Tue Dec 03 2024 17:58:41 GMT+0000 (Coordinated Universal Time)
23,efl,undergraduate,moderate,run diagnostic tests,run-diagnostic-tests,true,kebab,28959,Tue Dec 03 2024 17:58:41 GMT+0000 (Coordinated Universal Time)
23,efl,undergraduate,moderate,generate error logs,generate-error-logs,true,kebab,11435,Tue Dec 03 2024 17:58:41 GMT+0000 (Coordinated Universal Time)
23,efl,undergraduate,moderate,reset password policies,resetPasswordPolicies,true,camel,13489,Tue Dec 03 2024 17:58:41 GMT+0000 (Coordinated Universal Time)
23,efl,undergraduate,moderate,backup database files,backup-database-files,true,kebab,22045,Tue Dec 03 2024 17:58:41 GMT+0000 (Coordinated Universal Time)
23,efl,undergraduate,moderate,check system updates,checkSystemUpdates,true,camel,19443,Tue Dec 03 2024 17:58:41 GMT+0000 (Coordinated Universal Time)
23,efl,undergraduate,moderate,analyze disk space,analyze-disk-space,true,kebab,12046,Tue Dec 03 2024 17:58:41 GMT+0000 (Coordinated Universal Time)
23,efl,undergraduate,moderate,reset password policies,reset-password-policies,true,kebab,24231,Tue Dec 03 2024 17:58:41 GMT+0000 (Coordinated Universal Time)
23,efl,undergraduate,moderate,create user account,create-user-account,true,kebab,8515,Tue Dec 03 2024 17:58:41 GMT+0000 (Coordinated Universal Time)
23,efl,undergraduate,moderate,configure network interface,configure-network-interface,true,kebab,10242,Tue Dec 03 2024 17:58:41 GMT+0000 (Coordinated Universal Time)
23,efl,undergraduate,moderate,synchronize time servers,synchronizeTimeServers,true,camel,15033,Tue Dec 03 2024 17:58:41 GMT+0000 (Coordinated Universal Time)
23,efl,undergraduate,moderate,run diagnostic tests,runDiagnosticTests,true,camel,8752,Tue Dec 03 2024 17:58:41 GMT+0000 (Coordinated Universal Time)
23,efl,undergraduate,moderate,analyze disk space,analyzeDiskSpace,true,camel,11771,Tue Dec 03 2024 17:58:41 GMT+0000 (Coordinated Universal Time)
23,efl,undergraduate,moderate,generate error logs,generateErrorLogs,true,camel,7296,Tue Dec 03 2024 17:58:41 GMT+0000 (Coordinated Universal Time)
23,efl,undergraduate,moderate,monitor cpu usage,monitorCpuUsage,true,camel,10131,Tue Dec 03 2024 17:58:41 GMT+0000 (Coordinated Universal Time)
23,efl,undergraduate,moderate,upload data to server,uploadDataToServer,true,camel,6705,Tue Dec 03 2024 17:58:41 GMT+0000 (Coordinated Universal Time)
23,efl,undergraduate,moderate,check system updates,check-system-updates,true,kebab,12383,Tue Dec 03 2024 17:58:41 GMT+0000 (Coordinated Universal Time)
23,efl,undergraduate,moderate,compress large files,compress-large-files,true,kebab,19662,Tue Dec 03 2024 17:58:41 GMT+0000 (Coordinated Universal Time)
23,efl,undergraduate,moderate,manage firewall rules,manage-firewall-rules,true,kebab,6175,Tue Dec 03 2024 17:58:41 GMT+0000 (Coordinated Universal Time)
23,efl,undergraduate,moderate,create user account,createUserAccount,true,camel,12974,Tue Dec 03 2024 17:58:41 GMT+0000 (Coordinated Universal Time)
21,efl,undergraduate,advanced,monitor cpu usage,monitor-cpu-usage,true,kebab,3948,Tue Dec 03 2024 18:06:06 GMT+0000 (Coordinated Universal Time)
21,efl,undergraduate,advanced,install software package,installSoftwarePackage,true,camel,4698,Tue Dec 03 2024 18:06:06 GMT+0000 (Coordinated Universal Time)
21,efl,undergraduate,advanced,manage firewall rules,manageFirewallRules,true,camel,5085,Tue Dec 03 2024 18:06:06 GMT+0000 (Coordinated Universal Time)
21,efl,undergraduate,advanced,backup database files,backupDatabaseFiles,true,camel,10812,Tue Dec 03 2024 18:06:06 GMT+0000 (Coordinated Universal Time)
21,efl,undergraduate,advanced,configure network interface,configureNetworkInterface,true,camel,13622,Tue Dec 03 2024 18:06:06 GMT+0000 (Coordinated Universal Time)
21,efl,undergraduate,advanced,enable network settings,enableNetworkSettings,true,camel,3472,Tue Dec 03 2024 18:06:06 GMT+0000 (Coordinated Universal Time)
21,efl,undergraduate,advanced,install software package,install-software-package,true,kebab,4312,Tue Dec 03 2024 18:06:06 GMT+0000 (Coordinated Universal Time)
21,efl,undergraduate,advanced,upload data to server,upload-data-to-server,true,kebab,5270,Tue Dec 03 2024 18:06:06 GMT+0000 (Coordinated Universal Time)
21,efl,undergraduate,advanced,synchronize time servers,synchronize-time-servers,true,kebab,3204,Tue Dec 03 2024 18:06:06 GMT+0000 (Coordinated Universal Time)
21,efl,undergraduate,advanced,compress large files,compressLargeFiles,true,camel,5017,Tue Dec 03 2024 18:06:06 GMT+0000 (Coordinated Universal Time)
21,efl,undergraduate,advanced,enable network settings,enable-network-settings,true,kebab,4429,Tue Dec 03 2024 18:06:06 GMT+0000 (Coordinated Universal Time)
21,efl,undergraduate,advanced,run diagnostic tests,run-diagnostic-tests,true,kebab,4102,Tue Dec 03 2024 18:06:06 GMT+0000 (Coordinated Universal Time)
21,efl,undergraduate,advanced,generate error logs,generate-error-logs,true,kebab,3225,Tue Dec 03 2024 18:06:06 GMT+0000 (Coordinated Universal Time)
21,efl,undergraduate,advanced,reset password policies,resetPasswordPolicies,true,camel,4814,Tue Dec 03 2024 18:06:06 GMT+0000 (Coordinated Universal Time)
21,efl,undergraduate,advanced,backup database files,backup-database-files,true,kebab,3097,Tue Dec 03 2024 18:06:06 GMT+0000 (Coordinated Universal Time)
21,efl,undergraduate,advanced,check system updates,clerkSystemUpdates,false,camel,5070,Tue Dec 03 2024 18:06:06 GMT+0000 (Coordinated Universal Time)
21,efl,undergraduate,advanced,analyze disk space,analyze-disk-space,true,kebab,2810,Tue Dec 03 2024 18:06:06 GMT+0000 (Coordinated Universal Time)
21,efl,undergraduate,advanced,reset password policies,reset-password-policies,true,kebab,5537,Tue Dec 03 2024 18:06:06 GMT+0000 (Coordinated Universal Time)
21,efl,undergraduate,advanced,create user account,create-user-account,true,kebab,3638,Tue Dec 03 2024 18:06:06 GMT+0000 (Coordinated Universal Time)
21,efl,undergraduate,advanced,configure network interface,configure-network-interface,true,kebab,3555,Tue Dec 03 2024 18:06:06 GMT+0000 (Coordinated Universal Time)
21,efl,undergraduate,advanced,synchronize time servers,sanitizeTimeServers,false,camel,4782,Tue Dec 03 2024 18:06:06 GMT+0000 (Coordinated Universal Time)
21,efl,undergraduate,advanced,run diagnostic tests,runDiagnosticTests,true,camel,4514,Tue Dec 03 2024 18:06:06 GMT+0000 (Coordinated Universal Time)
21,efl,undergraduate,advanced,analyze disk space,analyzeDiskSpace,true,camel,2254,Tue Dec 03 2024 18:06:06 GMT+0000 (Coordinated Universal Time)
21,efl,undergraduate,advanced,generate error logs,generateErrorLogs,true,camel,1966,Tue Dec 03 2024 18:06:06 GMT+0000 (Coordinated Universal Time)
21,efl,undergraduate,advanced,monitor cpu usage,mitigateCpuUsage,false,camel,4514,Tue Dec 03 2024 18:06:06 GMT+0000 (Coordinated Universal Time)
21,efl,undergraduate,advanced,upload data to server,uploadDataToServer,true,camel,4575,Tue Dec 03 2024 18:06:06 GMT+0000 (Coordinated Universal Time)
21,efl,undergraduate,advanced,check system updates,check-system-updates,true,kebab,5041,Tue Dec 03 2024 18:06:06 GMT+0000 (Coordinated Universal Time)
21,efl,undergraduate,advanced,compress large files,combine-large-files,false,kebab,3397,Tue Dec 03 2024 18:06:06 GMT+0000 (Coordinated Universal Time)
21,efl,undergraduate,advanced,manage firewall rules,manage-firewall-rules,true,kebab,5237,Tue Dec 03 2024 18:06:06 GMT+0000 (Coordinated Universal Time)
21,efl,undergraduate,advanced,create user account,createUserAccount,true,camel,2618,Tue Dec 03 2024 18:06:06 GMT+0000 (Coordinated Universal Time)
19,efl,undergraduate,advanced,monitor cpu usage,monitor-cpu-usage,true,kebab,18285,Tue Dec 03 2024 18:07:30 GMT+0000 (Coordinated Universal Time)
19,efl,undergraduate,advanced,install software package,installSoftwarePackage,true,camel,10819,Tue Dec 03 2024 18:07:30 GMT+0000 (Coordinated Universal Time)
19,efl,undergraduate,advanced,manage firewall rules,manageFirewallRules,true,camel,12653,Tue Dec 03 2024 18:07:30 GMT+0000 (Coordinated Universal Time)
19,efl,undergraduate,advanced,backup database files,backupDatabaseFiles,true,camel,7813,Tue Dec 03 2024 18:07:30 GMT+0000 (Coordinated Universal Time)
19,efl,undergraduate,advanced,configure network interface,configureNetworkInterface,true,camel,9834,Tue Dec 03 2024 18:07:30 GMT+0000 (Coordinated Universal Time)
19,efl,undergraduate,advanced,enable network settings,enableNetworkSettings,true,camel,6770,Tue Dec 03 2024 18:07:30 GMT+0000 (Coordinated Universal Time)
19,efl,undergraduate,advanced,install software package,install-software-package,true,kebab,6397,Tue Dec 03 2024 18:07:30 GMT+0000 (Coordinated Universal Time)
19,efl,undergraduate,advanced,upload data to server,upload-data-to-server,true,kebab,8918,Tue Dec 03 2024 18:07:30 GMT+0000 (Coordinated Universal Time)
19,efl,undergraduate,advanced,synchronize time servers,synchronize-time-servers,true,kebab,7282,Tue Dec 03 2024 18:07:30 GMT+0000 (Coordinated Universal Time)
19,efl,undergraduate,advanced,compress large files,compressLargeFiles,true,camel,4883,Tue Dec 03 2024 18:07:30 GMT+0000 (Coordinated Universal Time)
19,efl,undergraduate,advanced,enable network settings,enable-network-settings,true,kebab,5317,Tue Dec 03 2024 18:07:30 GMT+0000 (Coordinated Universal Time)
19,efl,undergraduate,advanced,run diagnostic tests,run-diagnostic-tests,true,kebab,6515,Tue Dec 03 2024 18:07:30 GMT+0000 (Coordinated Universal Time)
19,efl,undergraduate,advanced,generate error logs,generate-error-logs,true,kebab,4387,Tue Dec 03 2024 18:07:30 GMT+0000 (Coordinated Universal Time)
19,efl,undergraduate,advanced,reset password policies,resetPasswordPolicies,true,camel,8029,Tue Dec 03 2024 18:07:30 GMT+0000 (Coordinated Universal Time)
19,efl,undergraduate,advanced,backup database files,backup-database-flies,false,kebab,7853,Tue Dec 03 2024 18:07:30 GMT+0000 (Coordinated Universal Time)
19,efl,undergraduate,advanced,check system updates,checkSystemUpdates,true,camel,8750,Tue Dec 03 2024 18:07:30 GMT+0000 (Coordinated Universal Time)
19,efl,undergraduate,advanced,analyze disk space,analyze-disk-space,true,kebab,4735,Tue Dec 03 2024 18:07:30 GMT+0000 (Coordinated Universal Time)
19,efl,undergraduate,advanced,reset password policies,reset-password-policies,true,kebab,10681,Tue Dec 03 2024 18:07:30 GMT+0000 (Coordinated Universal Time)
19,efl,undergraduate,advanced,create user account,create-user-account,true,kebab,3536,Tue Dec 03 2024 18:07:30 GMT+0000 (Coordinated Universal Time)
19,efl,undergraduate,advanced,configure network interface,configure-network-interface,true,kebab,3800,Tue Dec 03 2024 18:07:30 GMT+0000 (Coordinated Universal Time)
19,efl,undergraduate,advanced,synchronize time servers,synchronizeTimeServers,true,camel,5845,Tue Dec 03 2024 18:07:30 GMT+0000 (Coordinated Universal Time)
19,efl,undergraduate,advanced,run diagnostic tests,runDiagnosticTests,true,camel,12835,Tue Dec 03 2024 18:07:30 GMT+0000 (Coordinated Universal Time)
19,efl,undergraduate,advanced,analyze disk space,analyzeDiskSpace,true,camel,3321,Tue Dec 03 2024 18:07:30 GMT+0000 (Coordinated Universal Time)
19,efl,undergraduate,advanced,generate error logs,generateErrorLogs,true,camel,3733,Tue Dec 03 2024 18:07:30 GMT+0000 (Coordinated Universal Time)
19,efl,undergraduate,advanced,monitor cpu usage,monitorCpuUsage,true,camel,4195,Tue Dec 03 2024 18:07:30 GMT+0000 (Coordinated Universal Time)
19,efl,undergraduate,advanced,upload data to server,uploadDataToServer,true,camel,8217,Tue Dec 03 2024 18:07:30 GMT+0000 (Coordinated Universal Time)
19,efl,undergraduate,advanced,check system updates,check-system-updates,true,kebab,10018,Tue Dec 03 2024 18:07:30 GMT+0000 (Coordinated Universal Time)
19,efl,undergraduate,advanced,compress large files,compress-large-files,true,kebab,4884,Tue Dec 03 2024 18:07:30 GMT+0000 (Coordinated Universal Time)
19,efl,undergraduate,advanced,manage firewall rules,manage-firewall-rules,true,kebab,5686,Tue Dec 03 2024 18:07:30 GMT+0000 (Coordinated Universal Time)
19,efl,undergraduate,advanced,create user account,createUserAccount,true,camel,9368,Tue Dec 03 2024 18:07:30 GMT+0000 (Coordinated Universal Time)
16,efl,hs,moderate,monitor cpu usage,monitor-cpu-usage,true,kebab,52166,Tue Dec 03 2024 19:47:32 GMT+0000 (Coordinated Universal Time)
16,efl,hs,moderate,install software package,installSoftwarePackage,true,camel,12216,Tue Dec 03 2024 19:47:32 GMT+0000 (Coordinated Universal Time)
16,efl,hs,moderate,manage firewall rules,manageFirewallRules,true,camel,21862,Tue Dec 03 2024 19:47:32 GMT+0000 (Coordinated Universal Time)
16,efl,hs,moderate,backup database files,backupDatabaseFiles,true,camel,16548,Tue Dec 03 2024 19:47:32 GMT+0000 (Coordinated Universal Time)
16,efl,hs,moderate,configure network interface,configureNetworkInterface,true,camel,23876,Tue Dec 03 2024 19:47:32 GMT+0000 (Coordinated Universal Time)
16,efl,hs,moderate,enable network settings,enableNetworkSettings,true,camel,6743,Tue Dec 03 2024 19:47:32 GMT+0000 (Coordinated Universal Time)
16,efl,hs,moderate,install software package,install-software-package,true,kebab,7866,Tue Dec 03 2024 19:47:32 GMT+0000 (Coordinated Universal Time)
16,efl,hs,moderate,upload data to server,upload-data-to-server,true,kebab,9375,Tue Dec 03 2024 19:47:32 GMT+0000 (Coordinated Universal Time)
16,efl,hs,moderate,synchronize time servers,synchronize-time-servers,true,kebab,8868,Tue Dec 03 2024 19:47:32 GMT+0000 (Coordinated Universal Time)
16,efl,hs,moderate,compress large files,compressLargeFiles,true,camel,9150,Tue Dec 03 2024 19:47:32 GMT+0000 (Coordinated Universal Time)
16,efl,hs,moderate,enable network settings,enable-network-settings,true,kebab,15626,Tue Dec 03 2024 19:47:32 GMT+0000 (Coordinated Universal Time)
16,efl,hs,moderate,run diagnostic tests,run-diagnostic-tests,true,kebab,8155,Tue Dec 03 2024 19:47:32 GMT+0000 (Coordinated Universal Time)
16,efl,hs,moderate,generate error logs,generate-error-logs,true,kebab,13113,Tue Dec 03 2024 19:47:32 GMT+0000 (Coordinated Universal Time)
16,efl,hs,moderate,reset password policies,resetPasswordPolicies,true,camel,7864,Tue Dec 03 2024 19:47:32 GMT+0000 (Coordinated Universal Time)
16,efl,hs,moderate,backup database files,backup-database-files,true,kebab,10926,Tue Dec 03 2024 19:47:32 GMT+0000 (Coordinated Universal Time)
16,efl,hs,moderate,check system updates,checkSystemUpdates,true,camel,6542,Tue Dec 03 2024 19:47:32 GMT+0000 (Coordinated Universal Time)
16,efl,hs,moderate,analyze disk space,analyze-disk-space,true,kebab,8336,Tue Dec 03 2024 19:47:32 GMT+0000 (Coordinated Universal Time)
16,efl,hs,moderate,reset password policies,reset-password-policies,true,kebab,7668,Tue Dec 03 2024 19:47:32 GMT+0000 (Coordinated Universal Time)
16,efl,hs,moderate,create user account,create-user-account,true,kebab,7103,Tue Dec 03 2024 19:47:32 GMT+0000 (Coordinated Universal Time)
16,efl,hs,moderate,configure network interface,configure-network-interface,true,kebab,7309,Tue Dec 03 2024 19:47:32 GMT+0000 (Coordinated Universal Time)
16,efl,hs,moderate,synchronize time servers,synchronizeTimeServers,true,camel,6645,Tue Dec 03 2024 19:47:32 GMT+0000 (Coordinated Universal Time)
16,efl,hs,moderate,run diagnostic tests,runDiagnosticTests,true,camel,6918,Tue Dec 03 2024 19:47:32 GMT+0000 (Coordinated Universal Time)
16,efl,hs,moderate,analyze disk space,analyzeDiskSpace,true,camel,8325,Tue Dec 03 2024 19:47:32 GMT+0000 (Coordinated Universal Time)
16,efl,hs,moderate,generate error logs,generateErrorLogs,true,camel,8670,Tue Dec 03 2024 19:47:32 GMT+0000 (Coordinated Universal Time)
16,efl,hs,moderate,monitor cpu usage,monitorCpuUsage,true,camel,6866,Tue Dec 03 2024 19:47:32 GMT+0000 (Coordinated Universal Time)
16,efl,hs,moderate,upload data to server,uploadDataToServer,true,camel,8022,Tue Dec 03 2024 19:47:32 GMT+0000 (Coordinated Universal Time)
16,efl,hs,moderate,check system updates,check-system-updates,true,kebab,9085,Tue Dec 03 2024 19:47:32 GMT+0000 (Coordinated Universal Time)
16,efl,hs,moderate,compress large files,compress-large-files,true,kebab,8207,Tue Dec 03 2024 19:47:32 GMT+0000 (Coordinated Universal Time)
16,efl,hs,moderate,manage firewall rules,manage-firewall-rules,true,kebab,9094,Tue Dec 03 2024 19:47:32 GMT+0000 (Coordinated Universal Time)
16,efl,hs,moderate,create user account,createUserAccount,true,camel,8195,Tue Dec 03 2024 19:47:32 GMT+0000 (Coordinated Universal Time)
20,esl,undergraduate,moderate,monitor cpu usage,monitor-cpu-usage,true,kebab,21146,Tue Dec 03 2024 20:40:55 GMT+0000 (Coordinated Universal Time)
20,esl,undergraduate,moderate,install software package,installMalwarePackage,false,camel,6439,Tue Dec 03 2024 20:40:55 GMT+0000 (Coordinated Universal Time)
20,esl,undergraduate,moderate,manage firewall rules,manageFirewallRules,true,camel,7308,Tue Dec 03 2024 20:40:55 GMT+0000 (Coordinated Universal Time)
20,esl,undergraduate,moderate,backup database files,backupDatabaseFiles,true,camel,4287,Tue Dec 03 2024 20:40:55 GMT+0000 (Coordinated Universal Time)
20,esl,undergraduate,moderate,configure network interface,configureNetworkInterface,true,camel,6554,Tue Dec 03 2024 20:40:55 GMT+0000 (Coordinated Universal Time)
20,esl,undergraduate,moderate,enable network settings,enableNetworkSettings,true,camel,3639,Tue Dec 03 2024 20:40:55 GMT+0000 (Coordinated Universal Time)
20,esl,undergraduate,moderate,install software package,install-software-package,true,kebab,2817,Tue Dec 03 2024 20:40:55 GMT+0000 (Coordinated Universal Time)
20,esl,undergraduate,moderate,upload data to server,upload-data-to-server,true,kebab,2309,Tue Dec 03 2024 20:40:55 GMT+0000 (Coordinated Universal Time)
20,esl,undergraduate,moderate,synchronize time servers,synchronize-time-servers,true,kebab,4100,Tue Dec 03 2024 20:40:55 GMT+0000 (Coordinated Universal Time)
20,esl,undergraduate,moderate,compress large files,combineLargeFiles,false,camel,2880,Tue Dec 03 2024 20:40:55 GMT+0000 (Coordinated Universal Time)
20,esl,undergraduate,moderate,enable network settings,enable-network-settings,true,kebab,3603,Tue Dec 03 2024 20:40:55 GMT+0000 (Coordinated Universal Time)
20,esl,undergraduate,moderate,run diagnostic tests,run-diagnostic-tests,true,kebab,2968,Tue Dec 03 2024 20:40:55 GMT+0000 (Coordinated Universal Time)
20,esl,undergraduate,moderate,generate error logs,generate-error-logs,true,kebab,4522,Tue Dec 03 2024 20:40:55 GMT+0000 (Coordinated Universal Time)
20,esl,undergraduate,moderate,reset password policies,resetPasswordPolicies,true,camel,5171,Tue Dec 03 2024 20:40:55 GMT+0000 (Coordinated Universal Time)
20,esl,undergraduate,moderate,backup database files,backup-database-files,true,kebab,5004,Tue Dec 03 2024 20:40:55 GMT+0000 (Coordinated Universal Time)
20,esl,undergraduate,moderate,check system updates,checkSystemUpdates,true,camel,3025,Tue Dec 03 2024 20:40:55 GMT+0000 (Coordinated Universal Time)
20,esl,undergraduate,moderate,analyze disk space,analyze-disk-space,true,kebab,1695,Tue Dec 03 2024 20:40:55 GMT+0000 (Coordinated Universal Time)
20,esl,undergraduate,moderate,reset password policies,reset-password-policies,true,kebab,3686,Tue Dec 03 2024 20:40:55 GMT+0000 (Coordinated Universal Time)
20,esl,undergraduate,moderate,create user account,create-user-account,true,kebab,3610,Tue Dec 03 2024 20:40:55 GMT+0000 (Coordinated Universal Time)
20,esl,undergraduate,moderate,configure network interface,configure-network-interface,true,kebab,6165,Tue Dec 03 2024 20:40:55 GMT+0000 (Coordinated Universal Time)
20,esl,undergraduate,moderate,synchronize time servers,synchronizeTimeServers,true,camel,4720,Tue Dec 03 2024 20:40:55 GMT+0000 (Coordinated Universal Time)
20,esl,undergraduate,moderate,run diagnostic tests,runDiagnosticTests,true,camel,4469,Tue Dec 03 2024 20:40:55 GMT+0000 (Coordinated Universal Time)
20,esl,undergraduate,moderate,analyze disk space,analyzeDiskSpace,true,camel,2758,Tue Dec 03 2024 20:40:55 GMT+0000 (Coordinated Universal Time)
20,esl,undergraduate,moderate,generate error logs,generateErrorLogs,true,camel,2604,Tue Dec 03 2024 20:40:55 GMT+0000 (Coordinated Universal Time)
20,esl,undergraduate,moderate,monitor cpu usage,monitorCpuUsage,true,camel,3643,Tue Dec 03 2024 20:40:55 GMT+0000 (Coordinated Universal Time)
20,esl,undergraduate,moderate,upload data to server,uploadDataTooSever,false,camel,5172,Tue Dec 03 2024 20:40:55 GMT+0000 (Coordinated Universal Time)
20,esl,undergraduate,moderate,check system updates,check-system-updates,true,kebab,2467,Tue Dec 03 2024 20:40:55 GMT+0000 (Coordinated Universal Time)
20,esl,undergraduate,moderate,compress large files,combine-large-files,false,kebab,2219,Tue Dec 03 2024 20:40:55 GMT+0000 (Coordinated Universal Time)
20,esl,undergraduate,moderate,manage firewall rules,manage-firewall-rules,true,kebab,5137,Tue Dec 03 2024 20:40:55 GMT+0000 (Coordinated Universal Time)
20,esl,undergraduate,moderate,create user account,createUserAccount,true,camel,3535,Tue Dec 03 2024 20:40:55 GMT+0000 (Coordinated Universal Time)
19,efl,undergraduate,advanced,monitor cpu usage,monitor-cpu-usage,true,kebab,5785,Tue Dec 03 2024 21:53:55 GMT+0000 (Coordinated Universal Time)
19,efl,undergraduate,advanced,install software package,installSoftwarePackage,true,camel,6770,Tue Dec 03 2024 21:53:55 GMT+0000 (Coordinated Universal Time)
19,efl,undergraduate,advanced,manage firewall rules,manageFirewallRules,true,camel,3448,Tue Dec 03 2024 21:53:55 GMT+0000 (Coordinated Universal Time)
19,efl,undergraduate,advanced,backup database files,backupDatabaseFiles,true,camel,8882,Tue Dec 03 2024 21:53:55 GMT+0000 (Coordinated Universal Time)
19,efl,undergraduate,advanced,configure network interface,configureNetworkInterface,true,camel,6113,Tue Dec 03 2024 21:53:55 GMT+0000 (Coordinated Universal Time)
19,efl,undergraduate,advanced,enable network settings,disableWokeSettings,false,camel,332,Tue Dec 03 2024 21:53:55 GMT+0000 (Coordinated Universal Time)
19,efl,undergraduate,advanced,install software package,install-software-jacked,false,kebab,44,Tue Dec 03 2024 21:53:55 GMT+0000 (Coordinated Universal Time)
19,efl,undergraduate,advanced,upload data to server,upload-data-to-server,true,kebab,403,Tue Dec 03 2024 21:53:55 GMT+0000 (Coordinated Universal Time)
19,efl,undergraduate,advanced,synchronize time servers,synchronize-time-saves,false,kebab,681,Tue Dec 03 2024 21:53:55 GMT+0000 (Coordinated Universal Time)
19,efl,undergraduate,advanced,compress large files,compressLargeFiles,true,camel,416,Tue Dec 03 2024 21:53:55 GMT+0000 (Coordinated Universal Time)
19,efl,undergraduate,advanced,enable network settings,enable-botnet-settings,false,kebab,489,Tue Dec 03 2024 21:53:55 GMT+0000 (Coordinated Universal Time)
19,efl,undergraduate,advanced,run diagnostic tests,run-diagnostic-texts,false,kebab,479,Tue Dec 03 2024 21:53:55 GMT+0000 (Coordinated Universal Time)
19,efl,undergraduate,advanced,generate error logs,generate-error-logs,true,kebab,548,Tue Dec 03 2024 21:53:55 GMT+0000 (Coordinated Universal Time)
19,efl,undergraduate,advanced,reset password policies,restartPasswordPolice,false,camel,701,Tue Dec 03 2024 21:53:55 GMT+0000 (Coordinated Universal Time)
19,efl,undergraduate,advanced,backup database files,backup-datavase-fills,false,kebab,364,Tue Dec 03 2024 21:53:55 GMT+0000 (Coordinated Universal Time)
19,efl,undergraduate,advanced,check system updates,checkSystemUpdates,true,camel,452,Tue Dec 03 2024 21:53:55 GMT+0000 (Coordinated Universal Time)
19,efl,undergraduate,advanced,analyze disk space,analyze-disk-specs,false,kebab,882,Tue Dec 03 2024 21:53:55 GMT+0000 (Coordinated Universal Time)
19,efl,undergraduate,advanced,reset password policies,reset-password-policy,false,kebab,466,Tue Dec 03 2024 21:53:55 GMT+0000 (Coordinated Universal Time)
19,efl,undergraduate,advanced,create user account,create-user-account,true,kebab,232,Tue Dec 03 2024 21:53:55 GMT+0000 (Coordinated Universal Time)
19,efl,undergraduate,advanced,configure network interface,configure-network-interface,true,kebab,539,Tue Dec 03 2024 21:53:55 GMT+0000 (Coordinated Universal Time)
19,efl,undergraduate,advanced,synchronize time servers,synchronizeTimeSaves,false,camel,615,Tue Dec 03 2024 21:53:55 GMT+0000 (Coordinated Universal Time)
19,efl,undergraduate,advanced,run diagnostic tests,ranDialogisticTests,false,camel,494,Tue Dec 03 2024 21:53:55 GMT+0000 (Coordinated Universal Time)
19,efl,undergraduate,advanced,analyze disk space,analyzeDiskSpace,true,camel,616,Tue Dec 03 2024 21:53:55 GMT+0000 (Coordinated Universal Time)
19,efl,undergraduate,advanced,generate error logs,generateErrorLegs,false,camel,731,Tue Dec 03 2024 21:53:55 GMT+0000 (Coordinated Universal Time)
19,efl,undergraduate,advanced,monitor cpu usage,migrateCpuUsage,false,camel,451,Tue Dec 03 2024 21:53:55 GMT+0000 (Coordinated Universal Time)
19,efl,undergraduate,advanced,upload data to server,uploadDataTooSever,false,camel,299,Tue Dec 03 2024 21:53:55 GMT+0000 (Coordinated Universal Time)
19,efl,undergraduate,advanced,check system updates,clerk-system-updates,false,kebab,334,Tue Dec 03 2024 21:53:55 GMT+0000 (Coordinated Universal Time)
19,efl,undergraduate,advanced,compress large files,compress-lake-file,false,kebab,247,Tue Dec 03 2024 21:53:55 GMT+0000 (Coordinated Universal Time)
19,efl,undergraduate,advanced,manage firewall rules,manage-firewall-rules,true,kebab,334,Tue Dec 03 2024 21:53:55 GMT+0000 (Coordinated Universal Time)
19,efl,undergraduate,advanced,create user account,createUserAccent,false,camel,519,Tue Dec 03 2024 21:53:55 GMT+0000 (Coordinated Universal Time)
19,efl,undergraduate,advanced,monitor cpu usage,monitor-cpu-usage,true,kebab,3530,Sun Dec 08 2024 11:44:03 GMT+0000 (Coordinated Universal Time)
19,efl,undergraduate,advanced,install software package,installSoftwarePackage,true,camel,5554,Sun Dec 08 2024 11:44:03 GMT+0000 (Coordinated Universal Time)
19,efl,undergraduate,advanced,manage firewall rules,manageFirewallRules,true,camel,5173,Sun Dec 08 2024 11:44:03 GMT+0000 (Coordinated Universal Time)
19,efl,undergraduate,advanced,backup database files,backupDatabaseFlies,false,camel,4150,Sun Dec 08 2024 11:44:03 GMT+0000 (Coordinated Universal Time)
19,efl,undergraduate,advanced,configure network interface,configureNetworkInterface,true,camel,5261,Sun Dec 08 2024 11:44:03 GMT+0000 (Coordinated Universal Time)
19,efl,undergraduate,advanced,enable network settings,enableNetworkSettings,true,camel,3840,Sun Dec 08 2024 11:44:03 GMT+0000 (Coordinated Universal Time)
19,efl,undergraduate,advanced,install software package,install-software-package,true,kebab,5441,Sun Dec 08 2024 11:44:03 GMT+0000 (Coordinated Universal Time)
19,efl,undergraduate,advanced,upload data to server,upload-data-to-server,true,kebab,4180,Sun Dec 08 2024 11:44:03 GMT+0000 (Coordinated Universal Time)
19,efl,undergraduate,advanced,synchronize time servers,synchronize-time-servers,true,kebab,4808,Sun Dec 08 2024 11:44:03 GMT+0000 (Coordinated Universal Time)
19,efl,undergraduate,advanced,compress large files,combineLargeFiles,false,camel,5236,Sun Dec 08 2024 11:44:03 GMT+0000 (Coordinated Universal Time)
19,efl,undergraduate,advanced,enable network settings,enable-network-settings,true,kebab,5521,Sun Dec 08 2024 11:44:03 GMT+0000 (Coordinated Universal Time)
19,efl,undergraduate,advanced,run diagnostic tests,run-diagnostic-tests,true,kebab,4828,Sun Dec 08 2024 11:44:03 GMT+0000 (Coordinated Universal Time)
19,efl,undergraduate,advanced,generate error logs,generate-error-logs,true,kebab,4250,Sun Dec 08 2024 11:44:03 GMT+0000 (Coordinated Universal Time)
19,efl,undergraduate,advanced,reset password policies,resetPasswordPolicy,false,camel,5734,Sun Dec 08 2024 11:44:03 GMT+0000 (Coordinated Universal Time)
19,efl,undergraduate,advanced,backup database files,backup-database-flies,false,kebab,4630,Sun Dec 08 2024 11:44:03 GMT+0000 (Coordinated Universal Time)
19,efl,undergraduate,advanced,check system updates,checkSystemUpdates,true,camel,4315,Sun Dec 08 2024 11:44:03 GMT+0000 (Coordinated Universal Time)
19,efl,undergraduate,advanced,analyze disk space,analyze-disk-space,true,kebab,4069,Sun Dec 08 2024 11:44:03 GMT+0000 (Coordinated Universal Time)
19,efl,undergraduate,advanced,reset password policies,reset-password-policies,true,kebab,5041,Sun Dec 08 2024 11:44:03 GMT+0000 (Coordinated Universal Time)
19,efl,undergraduate,advanced,create user account,create-user-account,true,kebab,4590,Sun Dec 08 2024 11:44:03 GMT+0000 (Coordinated Universal Time)
19,efl,undergraduate,advanced,configure network interface,configure-network-interface,true,kebab,6337,Sun Dec 08 2024 11:44:03 GMT+0000 (Coordinated Universal Time)
19,efl,undergraduate,advanced,synchronize time servers,synchronizeTimeServers,true,camel,3899,Sun Dec 08 2024 11:44:03 GMT+0000 (Coordinated Universal Time)
19,efl,undergraduate,advanced,run diagnostic tests,ranDialogisticTests,false,camel,4571,Sun Dec 08 2024 11:44:03 GMT+0000 (Coordinated Universal Time)
19,efl,undergraduate,advanced,analyze disk space,analyzeDiskSpace,true,camel,3984,Sun Dec 08 2024 11:44:03 GMT+0000 (Coordinated Universal Time)
19,efl,undergraduate,advanced,generate error logs,generateErrorLogs,true,camel,4990,Sun Dec 08 2024 11:44:03 GMT+0000 (Coordinated Universal Time)
19,efl,undergraduate,advanced,monitor cpu usage,monitorCpuUsage,true,camel,2747,Sun Dec 08 2024 11:44:03 GMT+0000 (Coordinated Universal Time)
19,efl,undergraduate,advanced,upload data to server,uploadDataToServer,true,camel,5487,Sun Dec 08 2024 11:44:03 GMT+0000 (Coordinated Universal Time)
19,efl,undergraduate,advanced,check system updates,check-system-updates,true,kebab,4630,Sun Dec 08 2024 11:44:03 GMT+0000 (Coordinated Universal Time)
19,efl,undergraduate,advanced,compress large files,compress-large-files,true,kebab,3897,Sun Dec 08 2024 11:44:03 GMT+0000 (Coordinated Universal Time)
19,efl,undergraduate,advanced,manage firewall rules,manage-firewall-rules,true,kebab,4548,Sun Dec 08 2024 11:44:03 GMT+0000 (Coordinated Universal Time)
19,efl,undergraduate,advanced,create user account,createUserAccent,false,camel,3640,Sun Dec 08 2024 11:44:03 GMT+0000 (Coordinated Universal Time)
26,efl,postgraduate,advanced,monitor cpu usage,monitor-gpu-usage,false,kebab,6316,Mon Dec 09 2024 10:12:12 GMT+0000 (Coordinated Universal Time)
26,efl,postgraduate,advanced,install software package,installSoftwarePackage,true,camel,4611,Mon Dec 09 2024 10:12:12 GMT+0000 (Coordinated Universal Time)
26,efl,postgraduate,advanced,manage firewall rules,manageFirewallRules,true,camel,2895,Mon Dec 09 2024 10:12:12 GMT+0000 (Coordinated Universal Time)
26,efl,postgraduate,advanced,backup database files,backupDatabaseFiles,true,camel,3688,Mon Dec 09 2024 10:12:12 GMT+0000 (Coordinated Universal Time)
26,efl,postgraduate,advanced,configure network interface,configureNetworkInterface,true,camel,6214,Mon Dec 09 2024 10:12:12 GMT+0000 (Coordinated Universal Time)
26,efl,postgraduate,advanced,enable network settings,enableNetworkSettings,true,camel,3268,Mon Dec 09 2024 10:12:12 GMT+0000 (Coordinated Universal Time)
26,efl,postgraduate,advanced,install software package,install-software-package,true,kebab,3381,Mon Dec 09 2024 10:12:12 GMT+0000 (Coordinated Universal Time)
26,efl,postgraduate,advanced,upload data to server,upload-data-to-server,true,kebab,1836,Mon Dec 09 2024 10:12:12 GMT+0000 (Coordinated Universal Time)
26,efl,postgraduate,advanced,synchronize time servers,synchronize-time-servers,true,kebab,2700,Mon Dec 09 2024 10:12:12 GMT+0000 (Coordinated Universal Time)
26,efl,postgraduate,advanced,compress large files,compressLargeFiles,true,camel,2670,Mon Dec 09 2024 10:12:12 GMT+0000 (Coordinated Universal Time)
26,efl,postgraduate,advanced,enable network settings,enable-network-settings,true,kebab,3858,Mon Dec 09 2024 10:12:12 GMT+0000 (Coordinated Universal Time)
26,efl,postgraduate,advanced,run diagnostic tests,run-diagnostic-tests,true,kebab,2904,Mon Dec 09 2024 10:12:12 GMT+0000 (Coordinated Universal Time)
26,efl,postgraduate,advanced,generate error logs,generate-error-logs,true,kebab,2863,Mon Dec 09 2024 10:12:12 GMT+0000 (Coordinated Universal Time)
26,efl,postgraduate,advanced,reset password policies,resetPasswordPolicies,true,camel,5276,Mon Dec 09 2024 10:12:12 GMT+0000 (Coordinated Universal Time)
26,efl,postgraduate,advanced,backup database files,backup-database-files,true,kebab,3616,Mon Dec 09 2024 10:12:12 GMT+0000 (Coordinated Universal Time)
26,efl,postgraduate,advanced,check system updates,checkSystemUpdates,true,camel,4118,Mon Dec 09 2024 10:12:12 GMT+0000 (Coordinated Universal Time)
26,efl,postgraduate,advanced,analyze disk space,analyze-disk-space,true,kebab,3253,Mon Dec 09 2024 10:12:12 GMT+0000 (Coordinated Universal Time)
26,efl,postgraduate,advanced,reset password policies,reset-password-policies,true,kebab,3342,Mon Dec 09 2024 10:12:12 GMT+0000 (Coordinated Universal Time)
26,efl,postgraduate,advanced,create user account,create-user-account,true,kebab,3804,Mon Dec 09 2024 10:12:12 GMT+0000 (Coordinated Universal Time)
26,efl,postgraduate,advanced,configure network interface,configure-network-interface,true,kebab,3609,Mon Dec 09 2024 10:12:12 GMT+0000 (Coordinated Universal Time)
26,efl,postgraduate,advanced,synchronize time servers,synchronizeTimeServers,true,camel,4046,Mon Dec 09 2024 10:12:12 GMT+0000 (Coordinated Universal Time)
26,efl,postgraduate,advanced,run diagnostic tests,runDiagnosticTests,true,camel,5244,Mon Dec 09 2024 10:12:12 GMT+0000 (Coordinated Universal Time)
26,efl,postgraduate,advanced,analyze disk space,analyzeDiskSpace,true,camel,4824,Mon Dec 09 2024 10:12:12 GMT+0000 (Coordinated Universal Time)
26,efl,postgraduate,advanced,generate error logs,generateErrorLogs,true,camel,2071,Mon Dec 09 2024 10:12:12 GMT+0000 (Coordinated Universal Time)
26,efl,postgraduate,advanced,monitor cpu usage,monitorCpuUsage,true,camel,3236,Mon Dec 09 2024 10:12:12 GMT+0000 (Coordinated Universal Time)
26,efl,postgraduate,advanced,upload data to server,uploadDataToServer,true,camel,3690,Mon Dec 09 2024 10:12:12 GMT+0000 (Coordinated Universal Time)
26,efl,postgraduate,advanced,check system updates,check-system-updates,true,kebab,2895,Mon Dec 09 2024 10:12:12 GMT+0000 (Coordinated Universal Time)
26,efl,postgraduate,advanced,compress large files,compress-large-files,true,kebab,3334,Mon Dec 09 2024 10:12:12 GMT+0000 (Coordinated Universal Time)
26,efl,postgraduate,advanced,manage firewall rules,manage-firewall-rules,true,kebab,2476,Mon Dec 09 2024 10:12:12 GMT+0000 (Coordinated Universal Time)
26,efl,postgraduate,advanced,create user account,createUserAccount,true,camel,2654,Mon Dec 09 2024 10:12:12 GMT+0000 (Coordinated Universal Time)
39,esl,postgraduate,advanced,monitor cpu usage,monitor-cpu-usage,true,kebab,4685,Tue Dec 10 2024 10:01:04 GMT+0000 (Coordinated Universal Time)
39,esl,postgraduate,advanced,install software package,installSoftwarePackage,true,camel,4807,Tue Dec 10 2024 10:01:04 GMT+0000 (Coordinated Universal Time)
39,esl,postgraduate,advanced,manage firewall rules,manageFirewallRules,true,camel,3990,Tue Dec 10 2024 10:01:04 GMT+0000 (Coordinated Universal Time)
39,esl,postgraduate,advanced,backup database files,backupDatabaseFiles,true,camel,3138,Tue Dec 10 2024 10:01:04 GMT+0000 (Coordinated Universal Time)
39,esl,postgraduate,advanced,configure network interface,configureNetworkInterface,true,camel,4112,Tue Dec 10 2024 10:01:04 GMT+0000 (Coordinated Universal Time)
39,esl,postgraduate,advanced,enable network settings,enableNetworkSettings,true,camel,5015,Tue Dec 10 2024 10:01:04 GMT+0000 (Coordinated Universal Time)
39,esl,postgraduate,advanced,install software package,install-software-package,true,kebab,6362,Tue Dec 10 2024 10:01:04 GMT+0000 (Coordinated Universal Time)
39,esl,postgraduate,advanced,upload data to server,upload-data-to-server,true,kebab,3997,Tue Dec 10 2024 10:01:04 GMT+0000 (Coordinated Universal Time)
39,esl,postgraduate,advanced,synchronize time servers,synchronize-time-servers,true,kebab,3959,Tue Dec 10 2024 10:01:04 GMT+0000 (Coordinated Universal Time)
39,esl,postgraduate,advanced,compress large files,compressLargeFiles,true,camel,2899,Tue Dec 10 2024 10:01:04 GMT+0000 (Coordinated Universal Time)
39,esl,postgraduate,advanced,enable network settings,enable-network-settings,true,kebab,3382,Tue Dec 10 2024 10:01:04 GMT+0000 (Coordinated Universal Time)
39,esl,postgraduate,advanced,run diagnostic tests,run-diagnostic-tests,true,kebab,4795,Tue Dec 10 2024 10:01:04 GMT+0000 (Coordinated Universal Time)
39,esl,postgraduate,advanced,generate error logs,generate-error-logs,true,kebab,3115,Tue Dec 10 2024 10:01:04 GMT+0000 (Coordinated Universal Time)
39,esl,postgraduate,advanced,reset password policies,resetPasswordPolicies,true,camel,3431,Tue Dec 10 2024 10:01:04 GMT+0000 (Coordinated Universal Time)
39,esl,postgraduate,advanced,backup database files,backup-database-files,true,kebab,3786,Tue Dec 10 2024 10:01:04 GMT+0000 (Coordinated Universal Time)
39,esl,postgraduate,advanced,check system updates,checkSystemUpdates,true,camel,4232,Tue Dec 10 2024 10:01:04 GMT+0000 (Coordinated Universal Time)
39,esl,postgraduate,advanced,analyze disk space,analyze-disk-space,true,kebab,2937,Tue Dec 10 2024 10:01:04 GMT+0000 (Coordinated Universal Time)
39,esl,postgraduate,advanced,reset password policies,reset-password-policies,true,kebab,3438,Tue Dec 10 2024 10:01:04 GMT+0000 (Coordinated Universal Time)
39,esl,postgraduate,advanced,create user account,create-user-account,true,kebab,3066,Tue Dec 10 2024 10:01:04 GMT+0000 (Coordinated Universal Time)
39,esl,postgraduate,advanced,configure network interface,configure-network-interface,true,kebab,2817,Tue Dec 10 2024 10:01:04 GMT+0000 (Coordinated Universal Time)
39,esl,postgraduate,advanced,synchronize time servers,synchronizeTimeServers,true,camel,4388,Tue Dec 10 2024 10:01:04 GMT+0000 (Coordinated Universal Time)
39,esl,postgraduate,advanced,run diagnostic tests,runDiagnosticTests,true,camel,3522,Tue Dec 10 2024 10:01:04 GMT+0000 (Coordinated Universal Time)
39,esl,postgraduate,advanced,analyze disk space,analyzeDiskSpace,true,camel,2338,Tue Dec 10 2024 10:01:04 GMT+0000 (Coordinated Universal Time)
39,esl,postgraduate,advanced,generate error logs,generateErrorLogs,true,camel,2462,Tue Dec 10 2024 10:01:04 GMT+0000 (Coordinated Universal Time)
39,esl,postgraduate,advanced,monitor cpu usage,monitorCpuUsage,true,camel,2300,Tue Dec 10 2024 10:01:04 GMT+0000 (Coordinated Universal Time)
39,esl,postgraduate,advanced,upload data to server,uploadDataToServer,true,camel,4011,Tue Dec 10 2024 10:01:04 GMT+0000 (Coordinated Universal Time)
39,esl,postgraduate,advanced,check system updates,check-system-updates,true,kebab,3931,Tue Dec 10 2024 10:01:04 GMT+0000 (Coordinated Universal Time)
39,esl,postgraduate,advanced,compress large files,combine-large-files,false,kebab,3212,Tue Dec 10 2024 10:01:04 GMT+0000 (Coordinated Universal Time)
39,esl,postgraduate,advanced,manage firewall rules,manage-firewall-rules,true,kebab,6807,Tue Dec 10 2024 10:01:04 GMT+0000 (Coordinated Universal Time)
39,esl,postgraduate,advanced,create user account,createUserAccount,true,camel,5636,Tue Dec 10 2024 10:01:04 GMT+0000 (Coordinated Universal Time)
20,efl,undergraduate,advanced,monitor cpu usage,monitor-cpu-usage,true,kebab,40184,Thu Dec 12 2024 16:53:07 GMT+0000 (Coordinated Universal Time)
20,efl,undergraduate,advanced,install software package,installSoftwarePackage,true,camel,7203,Thu Dec 12 2024 16:53:07 GMT+0000 (Coordinated Universal Time)
20,efl,undergraduate,advanced,manage firewall rules,manageFirewallRules,true,camel,7753,Thu Dec 12 2024 16:53:07 GMT+0000 (Coordinated Universal Time)
20,efl,undergraduate,advanced,backup database files,backupDatabaseFiles,true,camel,11270,Thu Dec 12 2024 16:53:07 GMT+0000 (Coordinated Universal Time)
20,efl,undergraduate,advanced,configure network interface,configureNetworkInterface,true,camel,5815,Thu Dec 12 2024 16:53:07 GMT+0000 (Coordinated Universal Time)
20,efl,undergraduate,advanced,enable network settings,enableNetworkSettings,true,camel,11378,Thu Dec 12 2024 16:53:07 GMT+0000 (Coordinated Universal Time)
20,efl,undergraduate,advanced,install software package,install-software-package,true,kebab,6363,Thu Dec 12 2024 16:53:07 GMT+0000 (Coordinated Universal Time)
20,efl,undergraduate,advanced,upload data to server,upload-data-to-server,true,kebab,9703,Thu Dec 12 2024 16:53:07 GMT+0000 (Coordinated Universal Time)
20,efl,undergraduate,advanced,synchronize time servers,synchronize-time-servers,true,kebab,6572,Thu Dec 12 2024 16:53:07 GMT+0000 (Coordinated Universal Time)
20,efl,undergraduate,advanced,compress large files,compressLargeFiles,true,camel,10072,Thu Dec 12 2024 16:53:07 GMT+0000 (Coordinated Universal Time)
20,efl,undergraduate,advanced,enable network settings,enable-network-settings,true,kebab,6643,Thu Dec 12 2024 16:53:07 GMT+0000 (Coordinated Universal Time)
20,efl,undergraduate,advanced,run diagnostic tests,run-diagnostic-tests,true,kebab,8650,Thu Dec 12 2024 16:53:07 GMT+0000 (Coordinated Universal Time)
20,efl,undergraduate,advanced,generate error logs,generate-error-logs,true,kebab,9741,Thu Dec 12 2024 16:53:07 GMT+0000 (Coordinated Universal Time)
20,efl,undergraduate,advanced,reset password policies,resetPasswordPolicies,true,camel,9329,Thu Dec 12 2024 16:53:07 GMT+0000 (Coordinated Universal Time)
20,efl,undergraduate,advanced,backup database files,backup-database-files,true,kebab,7461,Thu Dec 12 2024 16:53:07 GMT+0000 (Coordinated Universal Time)
20,efl,undergraduate,advanced,check system updates,checkSystemUpdates,true,camel,4853,Thu Dec 12 2024 16:53:07 GMT+0000 (Coordinated Universal Time)
20,efl,undergraduate,advanced,analyze disk space,analyze-disk-space,true,kebab,7739,Thu Dec 12 2024 16:53:07 GMT+0000 (Coordinated Universal Time)
20,efl,undergraduate,advanced,reset password policies,reset-password-policies,true,kebab,5753,Thu Dec 12 2024 16:53:07 GMT+0000 (Coordinated Universal Time)
20,efl,undergraduate,advanced,create user account,create-user-account,true,kebab,7018,Thu Dec 12 2024 16:53:07 GMT+0000 (Coordinated Universal Time)
20,efl,undergraduate,advanced,configure network interface,configure-network-interface,true,kebab,24727,Thu Dec 12 2024 16:53:07 GMT+0000 (Coordinated Universal Time)
20,efl,undergraduate,advanced,synchronize time servers,synchronizeTimeServers,true,camel,4937,Thu Dec 12 2024 16:53:07 GMT+0000 (Coordinated Universal Time)
20,efl,undergraduate,advanced,run diagnostic tests,runDiagnosticTests,true,camel,5417,Thu Dec 12 2024 16:53:07 GMT+0000 (Coordinated Universal Time)
20,efl,undergraduate,advanced,analyze disk space,analyzeDiskSpace,true,camel,3601,Thu Dec 12 2024 16:53:07 GMT+0000 (Coordinated Universal Time)
20,efl,undergraduate,advanced,generate error logs,generateErrorLogs,true,camel,3106,Thu Dec 12 2024 16:53:07 GMT+0000 (Coordinated Universal Time)
20,efl,undergraduate,advanced,monitor cpu usage,monitorCpuUsage,true,camel,6022,Thu Dec 12 2024 16:53:07 GMT+0000 (Coordinated Universal Time)
20,efl,undergraduate,advanced,upload data to server,uploadDataToServer,true,camel,7732,Thu Dec 12 2024 16:53:07 GMT+0000 (Coordinated Universal Time)
20,efl,undergraduate,advanced,check system updates,check-system-updates,true,kebab,5405,Thu Dec 12 2024 16:53:07 GMT+0000 (Coordinated Universal Time)
20,efl,undergraduate,advanced,compress large files,compress-large-files,true,kebab,11596,Thu Dec 12 2024 16:53:07 GMT+0000 (Coordinated Universal Time)
20,efl,undergraduate,advanced,manage firewall rules,manage-firewall-rules,true,kebab,4639,Thu Dec 12 2024 16:53:07 GMT+0000 (Coordinated Universal Time)
20,efl,undergraduate,advanced,create user account,createUserAccount,true,camel,3461,Thu Dec 12 2024 16:53:07 GMT+0000 (Coordinated Universal Time)
25,esl,undergraduate,advanced,monitor cpu usage,monitor-cpu-usage,true,kebab,7394,Sat Dec 14 2024 19:55:51 GMT+0000 (Coordinated Universal Time)
25,esl,undergraduate,advanced,install software package,installSoftwarePackage,true,camel,6315,Sat Dec 14 2024 19:55:51 GMT+0000 (Coordinated Universal Time)
25,esl,undergraduate,advanced,manage firewall rules,manageFirewallRules,true,camel,4664,Sat Dec 14 2024 19:55:51 GMT+0000 (Coordinated Universal Time)
25,esl,undergraduate,advanced,backup database files,backupDatabaseFiles,true,camel,3734,Sat Dec 14 2024 19:55:51 GMT+0000 (Coordinated Universal Time)
25,esl,undergraduate,advanced,configure network interface,configureNetworkInterface,true,camel,3033,Sat Dec 14 2024 19:55:51 GMT+0000 (Coordinated Universal Time)
25,esl,undergraduate,advanced,enable network settings,enableNetworkSettings,true,camel,3032,Sat Dec 14 2024 19:55:51 GMT+0000 (Coordinated Universal Time)
25,esl,undergraduate,advanced,install software package,install-software-package,true,kebab,4200,Sat Dec 14 2024 19:55:51 GMT+0000 (Coordinated Universal Time)
25,esl,undergraduate,advanced,upload data to server,upload-data-to-server,true,kebab,1897,Sat Dec 14 2024 19:55:51 GMT+0000 (Coordinated Universal Time)
25,esl,undergraduate,advanced,synchronize time servers,synchronize-time-servers,true,kebab,3367,Sat Dec 14 2024 19:55:51 GMT+0000 (Coordinated Universal Time)
25,esl,undergraduate,advanced,compress large files,combineLargeFiles,false,camel,2584,Sat Dec 14 2024 19:55:51 GMT+0000 (Coordinated Universal Time)
25,esl,undergraduate,advanced,enable network settings,enable-network-settings,true,kebab,4899,Sat Dec 14 2024 19:55:51 GMT+0000 (Coordinated Universal Time)
25,esl,undergraduate,advanced,run diagnostic tests,run-diagnostic-texts,false,kebab,3683,Sat Dec 14 2024 19:55:51 GMT+0000 (Coordinated Universal Time)
25,esl,undergraduate,advanced,generate error logs,generate-error-logs,true,kebab,3717,Sat Dec 14 2024 19:55:51 GMT+0000 (Coordinated Universal Time)
25,esl,undergraduate,advanced,reset password policies,resetPasswordPolicies,true,camel,3866,Sat Dec 14 2024 19:55:51 GMT+0000 (Coordinated Universal Time)
25,esl,undergraduate,advanced,backup database files,backup-database-files,true,kebab,5900,Sat Dec 14 2024 19:55:51 GMT+0000 (Coordinated Universal Time)
25,esl,undergraduate,advanced,check system updates,checkSystemUpdates,true,camel,2315,Sat Dec 14 2024 19:55:51 GMT+0000 (Coordinated Universal Time)
25,esl,undergraduate,advanced,analyze disk space,analyze-disk-space,true,kebab,2728,Sat Dec 14 2024 19:55:51 GMT+0000 (Coordinated Universal Time)
25,esl,undergraduate,advanced,reset password policies,reset-password-policies,true,kebab,2796,Sat Dec 14 2024 19:55:51 GMT+0000 (Coordinated Universal Time)
25,esl,undergraduate,advanced,create user account,create-user-account,true,kebab,1980,Sat Dec 14 2024 19:55:51 GMT+0000 (Coordinated Universal Time)
25,esl,undergraduate,advanced,configure network interface,configure-network-interface,true,kebab,3584,Sat Dec 14 2024 19:55:51 GMT+0000 (Coordinated Universal Time)
25,esl,undergraduate,advanced,synchronize time servers,synchronizeTimeServers,true,camel,7451,Sat Dec 14 2024 19:55:51 GMT+0000 (Coordinated Universal Time)
25,esl,undergraduate,advanced,run diagnostic tests,runDiagnosticTests,true,camel,2033,Sat Dec 14 2024 19:55:51 GMT+0000 (Coordinated Universal Time)
25,esl,undergraduate,advanced,analyze disk space,analyzeDiskSpace,true,camel,4265,Sat Dec 14 2024 19:55:51 GMT+0000 (Coordinated Universal Time)
25,esl,undergraduate,advanced,generate error logs,generateErrorLogs,true,camel,4398,Sat Dec 14 2024 19:55:51 GMT+0000 (Coordinated Universal Time)
25,esl,undergraduate,advanced,monitor cpu usage,monitorCpuUsage,true,camel,3334,Sat Dec 14 2024 19:55:51 GMT+0000 (Coordinated Universal Time)
25,esl,undergraduate,advanced,upload data to server,uploadDataToServer,true,camel,4350,Sat Dec 14 2024 19:55:51 GMT+0000 (Coordinated Universal Time)
25,esl,undergraduate,advanced,check system updates,check-system-updates,true,kebab,4332,Sat Dec 14 2024 19:55:51 GMT+0000 (Coordinated Universal Time)
25,esl,undergraduate,advanced,compress large files,compress-large-files,true,kebab,3317,Sat Dec 14 2024 19:55:51 GMT+0000 (Coordinated Universal Time)
25,esl,undergraduate,advanced,manage firewall rules,manage-firewall-rules,true,kebab,2766,Sat Dec 14 2024 19:55:51 GMT+0000 (Coordinated Universal Time)
25,esl,undergraduate,advanced,create user account,createUserAccount,true,camel,3483,Sat Dec 14 2024 19:55:51 GMT+0000 (Coordinated Universal Time)
18,efl,undergraduate,advanced,monitor cpu usage,monitor-cpu-usage,true,kebab,17204,Sat Dec 14 2024 20:01:13 GMT+0000 (Coordinated Universal Time)
18,efl,undergraduate,advanced,install software package,installSoftwarePackage,true,camel,8780,Sat Dec 14 2024 20:01:13 GMT+0000 (Coordinated Universal Time)
18,efl,undergraduate,advanced,manage firewall rules,manageFirewallRules,true,camel,4987,Sat Dec 14 2024 20:01:13 GMT+0000 (Coordinated Universal Time)
18,efl,undergraduate,advanced,backup database files,backupDatabaseFiles,true,camel,10756,Sat Dec 14 2024 20:01:13 GMT+0000 (Coordinated Universal Time)
18,efl,undergraduate,advanced,configure network interface,configureNetworkInterface,true,camel,8103,Sat Dec 14 2024 20:01:13 GMT+0000 (Coordinated Universal Time)
18,efl,undergraduate,advanced,enable network settings,enableNetworkSettings,true,camel,5595,Sat Dec 14 2024 20:01:13 GMT+0000 (Coordinated Universal Time)
18,efl,undergraduate,advanced,install software package,install-software-package,true,kebab,5461,Sat Dec 14 2024 20:01:13 GMT+0000 (Coordinated Universal Time)
18,efl,undergraduate,advanced,upload data to server,upload-data-to-server,true,kebab,4687,Sat Dec 14 2024 20:01:13 GMT+0000 (Coordinated Universal Time)
18,efl,undergraduate,advanced,synchronize time servers,synchronize-time-servers,true,kebab,5836,Sat Dec 14 2024 20:01:13 GMT+0000 (Coordinated Universal Time)
18,efl,undergraduate,advanced,compress large files,combineLargeFiles,false,camel,6333,Sat Dec 14 2024 20:01:13 GMT+0000 (Coordinated Universal Time)
18,efl,undergraduate,advanced,enable network settings,enable-network-settings,true,kebab,8839,Sat Dec 14 2024 20:01:13 GMT+0000 (Coordinated Universal Time)
18,efl,undergraduate,advanced,run diagnostic tests,run-diagnostic-tests,true,kebab,4183,Sat Dec 14 2024 20:01:13 GMT+0000 (Coordinated Universal Time)
18,efl,undergraduate,advanced,generate error logs,generate-error-logs,true,kebab,3803,Sat Dec 14 2024 20:01:13 GMT+0000 (Coordinated Universal Time)
18,efl,undergraduate,advanced,reset password policies,resetPasswordPolicies,true,camel,3606,Sat Dec 14 2024 20:01:13 GMT+0000 (Coordinated Universal Time)
18,efl,undergraduate,advanced,backup database files,backup-database-files,true,kebab,4766,Sat Dec 14 2024 20:01:13 GMT+0000 (Coordinated Universal Time)
18,efl,undergraduate,advanced,check system updates,checkSystemUpdates,true,camel,2469,Sat Dec 14 2024 20:01:13 GMT+0000 (Coordinated Universal Time)
18,efl,undergraduate,advanced,analyze disk space,analyze-disk-space,true,kebab,2546,Sat Dec 14 2024 20:01:13 GMT+0000 (Coordinated Universal Time)
18,efl,undergraduate,advanced,reset password policies,reset-password-policies,true,kebab,3118,Sat Dec 14 2024 20:01:13 GMT+0000 (Coordinated Universal Time)
18,efl,undergraduate,advanced,create user account,create-user-account,true,kebab,2196,Sat Dec 14 2024 20:01:13 GMT+0000 (Coordinated Universal Time)
18,efl,undergraduate,advanced,configure network interface,configure-network-interface,true,kebab,4599,Sat Dec 14 2024 20:01:13 GMT+0000 (Coordinated Universal Time)
18,efl,undergraduate,advanced,synchronize time servers,synchronizeTimeServers,true,camel,2923,Sat Dec 14 2024 20:01:13 GMT+0000 (Coordinated Universal Time)
18,efl,undergraduate,advanced,run diagnostic tests,runDiagnosticTests,true,camel,4086,Sat Dec 14 2024 20:01:13 GMT+0000 (Coordinated Universal Time)
18,efl,undergraduate,advanced,analyze disk space,analyzeDiskSpace,true,camel,4138,Sat Dec 14 2024 20:01:13 GMT+0000 (Coordinated Universal Time)
18,efl,undergraduate,advanced,generate error logs,generateErrorLogs,true,camel,3027,Sat Dec 14 2024 20:01:13 GMT+0000 (Coordinated Universal Time)
18,efl,undergraduate,advanced,monitor cpu usage,migrateCpuUsage,false,camel,2116,Sat Dec 14 2024 20:01:13 GMT+0000 (Coordinated Universal Time)
18,efl,undergraduate,advanced,upload data to server,uploadDataToServer,true,camel,9698,Sat Dec 14 2024 20:01:13 GMT+0000 (Coordinated Universal Time)
18,efl,undergraduate,advanced,check system updates,check-system-updates,true,kebab,3484,Sat Dec 14 2024 20:01:13 GMT+0000 (Coordinated Universal Time)
18,efl,undergraduate,advanced,compress large files,compress-large-files,true,kebab,4492,Sat Dec 14 2024 20:01:13 GMT+0000 (Coordinated Universal Time)
18,efl,undergraduate,advanced,manage firewall rules,manage-firewall-rules,true,kebab,3046,Sat Dec 14 2024 20:01:13 GMT+0000 (Coordinated Universal Time)
18,efl,undergraduate,advanced,create user account,createUserAccount,true,camel,7058,Sat Dec 14 2024 20:01:13 GMT+0000 (Coordinated Universal Time)
21,efl,undergraduate,advanced,monitor cpu usage,monitor-cpu-usage,true,kebab,10764,Sat Dec 14 2024 22:09:12 GMT+0000 (Coordinated Universal Time)
21,efl,undergraduate,advanced,install software package,installSoftwarePackage,true,camel,8352,Sat Dec 14 2024 22:09:12 GMT+0000 (Coordinated Universal Time)
21,efl,undergraduate,advanced,manage firewall rules,manageFirewallRules,true,camel,10248,Sat Dec 14 2024 22:09:12 GMT+0000 (Coordinated Universal Time)
21,efl,undergraduate,advanced,backup database files,backupDatabaseFiles,true,camel,11339,Sat Dec 14 2024 22:09:12 GMT+0000 (Coordinated Universal Time)
21,efl,undergraduate,advanced,configure network interface,configureNetworkInterface,true,camel,8765,Sat Dec 14 2024 22:09:12 GMT+0000 (Coordinated Universal Time)
21,efl,undergraduate,advanced,enable network settings,enableNetworkSettings,true,camel,5116,Sat Dec 14 2024 22:09:12 GMT+0000 (Coordinated Universal Time)
21,efl,undergraduate,advanced,install software package,install-software-package,true,kebab,5707,Sat Dec 14 2024 22:09:12 GMT+0000 (Coordinated Universal Time)
21,efl,undergraduate,advanced,upload data to server,upload-data-to-server,true,kebab,7253,Sat Dec 14 2024 22:09:12 GMT+0000 (Coordinated Universal Time)
21,efl,undergraduate,advanced,synchronize time servers,synchronize-time-servers,true,kebab,7831,Sat Dec 14 2024 22:09:12 GMT+0000 (Coordinated Universal Time)
21,efl,undergraduate,advanced,compress large files,compressLargeFiles,true,camel,5008,Sat Dec 14 2024 22:09:12 GMT+0000 (Coordinated Universal Time)
21,efl,undergraduate,advanced,enable network settings,enable-network-settings,true,kebab,5986,Sat Dec 14 2024 22:09:12 GMT+0000 (Coordinated Universal Time)
21,efl,undergraduate,advanced,run diagnostic tests,run-diagnostic-tests,true,kebab,9629,Sat Dec 14 2024 22:09:12 GMT+0000 (Coordinated Universal Time)
21,efl,undergraduate,advanced,generate error logs,generate-error-logs,true,kebab,4438,Sat Dec 14 2024 22:09:12 GMT+0000 (Coordinated Universal Time)
21,efl,undergraduate,advanced,reset password policies,resetPasswordPolicies,true,camel,7463,Sat Dec 14 2024 22:09:12 GMT+0000 (Coordinated Universal Time)
21,efl,undergraduate,advanced,backup database files,backup-database-flies,false,kebab,6924,Sat Dec 14 2024 22:09:12 GMT+0000 (Coordinated Universal Time)
21,efl,undergraduate,advanced,check system updates,checkSystemUpdates,true,camel,7232,Sat Dec 14 2024 22:09:12 GMT+0000 (Coordinated Universal Time)
21,efl,undergraduate,advanced,analyze disk space,analyze-disk-space,true,kebab,3624,Sat Dec 14 2024 22:09:12 GMT+0000 (Coordinated Universal Time)
21,efl,undergraduate,advanced,reset password policies,reset-password-policies,true,kebab,7419,Sat Dec 14 2024 22:09:12 GMT+0000 (Coordinated Universal Time)
21,efl,undergraduate,advanced,create user account,create-user-account,true,kebab,6328,Sat Dec 14 2024 22:09:12 GMT+0000 (Coordinated Universal Time)
21,efl,undergraduate,advanced,configure network interface,configure-network-interface,true,kebab,5408,Sat Dec 14 2024 22:09:12 GMT+0000 (Coordinated Universal Time)
21,efl,undergraduate,advanced,synchronize time servers,synchronizeTimeServers,true,camel,8835,Sat Dec 14 2024 22:09:12 GMT+0000 (Coordinated Universal Time)
21,efl,undergraduate,advanced,run diagnostic tests,runDiagnosticTests,true,camel,6973,Sat Dec 14 2024 22:09:12 GMT+0000 (Coordinated Universal Time)
21,efl,undergraduate,advanced,analyze disk space,analyzeDiskSpace,true,camel,5274,Sat Dec 14 2024 22:09:12 GMT+0000 (Coordinated Universal Time)
21,efl,undergraduate,advanced,generate error logs,generateErrorLogs,true,camel,4111,Sat Dec 14 2024 22:09:12 GMT+0000 (Coordinated Universal Time)
21,efl,undergraduate,advanced,monitor cpu usage,monitorCpuUsage,true,camel,4006,Sat Dec 14 2024 22:09:12 GMT+0000 (Coordinated Universal Time)
21,efl,undergraduate,advanced,upload data to server,uploadDataToServer,true,camel,6507,Sat Dec 14 2024 22:09:12 GMT+0000 (Coordinated Universal Time)
21,efl,undergraduate,advanced,check system updates,check-system-updates,true,kebab,7268,Sat Dec 14 2024 22:09:12 GMT+0000 (Coordinated Universal Time)
21,efl,undergraduate,advanced,compress large files,compress-large-files,true,kebab,4699,Sat Dec 14 2024 22:09:12 GMT+0000 (Coordinated Universal Time)
21,efl,undergraduate,advanced,manage firewall rules,manage-firewall-rules,true,kebab,6062,Sat Dec 14 2024 22:09:12 GMT+0000 (Coordinated Universal Time)
21,efl,undergraduate,advanced,create user account,createUserAccount,true,camel,3923,Sat Dec 14 2024 22:09:12 GMT+0000 (Coordinated Universal Time)
19,efl,undergraduate,advanced,monitor cpu usage,monitor-cpu-usage,true,kebab,17098,Sat Dec 14 2024 23:09:51 GMT+0000 (Coordinated Universal Time)
19,efl,undergraduate,advanced,install software package,installSoftwarePackage,true,camel,7984,Sat Dec 14 2024 23:09:51 GMT+0000 (Coordinated Universal Time)
19,efl,undergraduate,advanced,manage firewall rules,manageFirewallRules,true,camel,10634,Sat Dec 14 2024 23:09:51 GMT+0000 (Coordinated Universal Time)
19,efl,undergraduate,advanced,backup database files,backupDatabaseFiles,true,camel,13380,Sat Dec 14 2024 23:09:51 GMT+0000 (Coordinated Universal Time)
19,efl,undergraduate,advanced,configure network interface,configureNetworkInterface,true,camel,6894,Sat Dec 14 2024 23:09:51 GMT+0000 (Coordinated Universal Time)
19,efl,undergraduate,advanced,enable network settings,enableNetworkSettings,true,camel,3367,Sat Dec 14 2024 23:09:51 GMT+0000 (Coordinated Universal Time)
19,efl,undergraduate,advanced,install software package,install-software-package,true,kebab,4921,Sat Dec 14 2024 23:09:51 GMT+0000 (Coordinated Universal Time)
19,efl,undergraduate,advanced,upload data to server,upload-data-to-server,true,kebab,5650,Sat Dec 14 2024 23:09:51 GMT+0000 (Coordinated Universal Time)
19,efl,undergraduate,advanced,synchronize time servers,synchronize-time-servers,true,kebab,3653,Sat Dec 14 2024 23:09:51 GMT+0000 (Coordinated Universal Time)
19,efl,undergraduate,advanced,compress large files,compressLargeFiles,true,camel,3941,Sat Dec 14 2024 23:09:51 GMT+0000 (Coordinated Universal Time)
19,efl,undergraduate,advanced,enable network settings,enable-network-settings,true,kebab,3081,Sat Dec 14 2024 23:09:51 GMT+0000 (Coordinated Universal Time)
19,efl,undergraduate,advanced,run diagnostic tests,run-diagnostic-tests,true,kebab,5072,Sat Dec 14 2024 23:09:51 GMT+0000 (Coordinated Universal Time)
19,efl,undergraduate,advanced,generate error logs,generate-error-logs,true,kebab,2784,Sat Dec 14 2024 23:09:51 GMT+0000 (Coordinated Universal Time)
19,efl,undergraduate,advanced,reset password policies,resetPasswordPolicies,true,camel,5284,Sat Dec 14 2024 23:09:51 GMT+0000 (Coordinated Universal Time)
19,efl,undergraduate,advanced,backup database files,backup-database-files,true,kebab,9499,Sat Dec 14 2024 23:09:51 GMT+0000 (Coordinated Universal Time)
19,efl,undergraduate,advanced,check system updates,clerkSystemUpdates,false,camel,5005,Sat Dec 14 2024 23:09:51 GMT+0000 (Coordinated Universal Time)
19,efl,undergraduate,advanced,analyze disk space,analyze-disk-space,true,kebab,5853,Sat Dec 14 2024 23:09:51 GMT+0000 (Coordinated Universal Time)
19,efl,undergraduate,advanced,reset password policies,reset-password-policies,true,kebab,11690,Sat Dec 14 2024 23:09:51 GMT+0000 (Coordinated Universal Time)
19,efl,undergraduate,advanced,create user account,create-user-account,true,kebab,8938,Sat Dec 14 2024 23:09:51 GMT+0000 (Coordinated Universal Time)
19,efl,undergraduate,advanced,configure network interface,configure-network-interface,true,kebab,2965,Sat Dec 14 2024 23:09:51 GMT+0000 (Coordinated Universal Time)
19,efl,undergraduate,advanced,synchronize time servers,synchronizeTimeServers,true,camel,3921,Sat Dec 14 2024 23:09:51 GMT+0000 (Coordinated Universal Time)
19,efl,undergraduate,advanced,run diagnostic tests,runDiagonalTests,false,camel,5103,Sat Dec 14 2024 23:09:51 GMT+0000 (Coordinated Universal Time)
19,efl,undergraduate,advanced,analyze disk space,analyzeDiskSpace,true,camel,4555,Sat Dec 14 2024 23:09:51 GMT+0000 (Coordinated Universal Time)
19,efl,undergraduate,advanced,generate error logs,generateErrorLogs,true,camel,2685,Sat Dec 14 2024 23:09:51 GMT+0000 (Coordinated Universal Time)
19,efl,undergraduate,advanced,monitor cpu usage,monitorCpuUsage,true,camel,4805,Sat Dec 14 2024 23:09:51 GMT+0000 (Coordinated Universal Time)
19,efl,undergraduate,advanced,upload data to server,uproarDataToSever,false,camel,3306,Sat Dec 14 2024 23:09:51 GMT+0000 (Coordinated Universal Time)
19,efl,undergraduate,advanced,check system updates,check-system-updates,true,kebab,4333,Sat Dec 14 2024 23:09:51 GMT+0000 (Coordinated Universal Time)
19,efl,undergraduate,advanced,compress large files,compress-large-files,true,kebab,4354,Sat Dec 14 2024 23:09:51 GMT+0000 (Coordinated Universal Time)
19,efl,undergraduate,advanced,manage firewall rules,manage-firewall-rules,true,kebab,5135,Sat Dec 14 2024 23:09:51 GMT+0000 (Coordinated Universal Time)
19,efl,undergraduate,advanced,create user account,createUserAccount,true,camel,4041,Sat Dec 14 2024 23:09:51 GMT+0000 (Coordinated Universal Time)
20,efl,undergraduate,advanced,monitor cpu usage,monitor-cpu-usage,true,kebab,4850,Wed Dec 18 2024 16:25:26 GMT+0000 (Coordinated Universal Time)
20,efl,undergraduate,advanced,install software package,installSoftwarePackage,true,camel,3731,Wed Dec 18 2024 16:25:26 GMT+0000 (Coordinated Universal Time)
20,efl,undergraduate,advanced,manage firewall rules,manageFirewallRules,true,camel,4039,Wed Dec 18 2024 16:25:26 GMT+0000 (Coordinated Universal Time)
20,efl,undergraduate,advanced,backup database files,backupDatabaseFiles,true,camel,2215,Wed Dec 18 2024 16:25:26 GMT+0000 (Coordinated Universal Time)
20,efl,undergraduate,advanced,configure network interface,configureNetworkInterface,true,camel,4367,Wed Dec 18 2024 16:25:26 GMT+0000 (Coordinated Universal Time)
20,efl,undergraduate,advanced,enable network settings,enableNetworkSettings,true,camel,2091,Wed Dec 18 2024 16:25:26 GMT+0000 (Coordinated Universal Time)
20,efl,undergraduate,advanced,install software package,install-software-package,true,kebab,3165,Wed Dec 18 2024 16:25:26 GMT+0000 (Coordinated Universal Time)
20,efl,undergraduate,advanced,upload data to server,upload-data-to-server,true,kebab,2351,Wed Dec 18 2024 16:25:26 GMT+0000 (Coordinated Universal Time)
20,efl,undergraduate,advanced,synchronize time servers,synchronize-time-servers,true,kebab,3690,Wed Dec 18 2024 16:25:26 GMT+0000 (Coordinated Universal Time)
20,efl,undergraduate,advanced,compress large files,compressLargeFiles,true,camel,5563,Wed Dec 18 2024 16:25:26 GMT+0000 (Coordinated Universal Time)
20,efl,undergraduate,advanced,enable network settings,enable-network-settings,true,kebab,2837,Wed Dec 18 2024 16:25:26 GMT+0000 (Coordinated Universal Time)
20,efl,undergraduate,advanced,run diagnostic tests,run-diagnostic-tests,true,kebab,3827,Wed Dec 18 2024 16:25:26 GMT+0000 (Coordinated Universal Time)
20,efl,undergraduate,advanced,generate error logs,generous-error-logs,false,kebab,2506,Wed Dec 18 2024 16:25:26 GMT+0000 (Coordinated Universal Time)
20,efl,undergraduate,advanced,reset password policies,resetPasswordPolicies,true,camel,4415,Wed Dec 18 2024 16:25:26 GMT+0000 (Coordinated Universal Time)
20,efl,undergraduate,advanced,backup database files,backup-database-flies,false,kebab,4336,Wed Dec 18 2024 16:25:26 GMT+0000 (Coordinated Universal Time)
20,efl,undergraduate,advanced,check system updates,checkSystemUpdates,true,camel,3781,Wed Dec 18 2024 16:25:26 GMT+0000 (Coordinated Universal Time)
20,efl,undergraduate,advanced,analyze disk space,analyze-disk-space,true,kebab,1943,Wed Dec 18 2024 16:25:26 GMT+0000 (Coordinated Universal Time)
20,efl,undergraduate,advanced,reset password policies,reset-password-policies,true,kebab,2940,Wed Dec 18 2024 16:25:26 GMT+0000 (Coordinated Universal Time)
20,efl,undergraduate,advanced,create user account,create-user-amount,false,kebab,2724,Wed Dec 18 2024 16:25:26 GMT+0000 (Coordinated Universal Time)
20,efl,undergraduate,advanced,configure network interface,configure-network-interface,true,kebab,3170,Wed Dec 18 2024 16:25:26 GMT+0000 (Coordinated Universal Time)
20,efl,undergraduate,advanced,synchronize time servers,synchronizeTimeSaves,false,camel,2653,Wed Dec 18 2024 16:25:26 GMT+0000 (Coordinated Universal Time)
20,efl,undergraduate,advanced,run diagnostic tests,runDiagnosticTests,true,camel,3713,Wed Dec 18 2024 16:25:26 GMT+0000 (Coordinated Universal Time)
20,efl,undergraduate,advanced,analyze disk space,analyzeDiskSpace,true,camel,1981,Wed Dec 18 2024 16:25:26 GMT+0000 (Coordinated Universal Time)
20,efl,undergraduate,advanced,generate error logs,generateErrorLogs,true,camel,1895,Wed Dec 18 2024 16:25:26 GMT+0000 (Coordinated Universal Time)
20,efl,undergraduate,advanced,monitor cpu usage,monitorCpuUsage,true,camel,2386,Wed Dec 18 2024 16:25:26 GMT+0000 (Coordinated Universal Time)
20,efl,undergraduate,advanced,upload data to server,uproarDataToSever,false,camel,2190,Wed Dec 18 2024 16:25:26 GMT+0000 (Coordinated Universal Time)
20,efl,undergraduate,advanced,check system updates,check-system-updates,true,kebab,3351,Wed Dec 18 2024 16:25:26 GMT+0000 (Coordinated Universal Time)
20,efl,undergraduate,advanced,compress large files,compress-large-files,true,kebab,3384,Wed Dec 18 2024 16:25:26 GMT+0000 (Coordinated Universal Time)
20,efl,undergraduate,advanced,manage firewall rules,manage-firewall-rules,true,kebab,2750,Wed Dec 18 2024 16:25:26 GMT+0000 (Coordinated Universal Time)
20,efl,undergraduate,advanced,create user account,createUserAccount,true,camel,3523,Wed Dec 18 2024 16:25:26 GMT+0000 (Coordinated Universal Time)
